標題,發布時間
【山域事故】【110年12月31日南投縣信義鄉「觀高營地」1男跌倒頭部受傷，1月1日空勤直升機及本署特搜共勤成功吊掛送醫】,111-01-02
【山域事故】【1日南投縣仁愛鄉「卓社大山」1女高山症，空勤直升機及本署特搜共勤成功吊掛送醫】,111-01-02
【山域事故】【110年12月31日臺中市和平區「油婆蘭營地」，1女左小腿骨折，111年1月2日空勤直升機及本署特搜共勤成功吊掛送醫】,111-01-02
【山域事故】【續110年12月13日臺中市和平區「北一段」1男墜谷死亡，111年1月2日空勤直升機及本署特搜共勤成功吊掛大體】,111-01-02
【瓦斯氣爆】【2日臺中市北區梅亭街和永興街的交叉路口瓦斯氣爆，1人輕傷送醫】,111-01-02
【住宅火災】【2日臺北市內湖區內湖路2段住宅火災，己撲滅，無傷亡】,111-01-02
【鐵皮屋火災】【2日金門縣金沙鎮田埔水庫附近鐵皮屋火災，已撲滅，無傷亡】,111-01-02
【資源回收場火災】【3日桃園市中壢區圓光路2段資源回收場火災，已撲滅，無傷亡】,111-01-03
【工廠火災】【6日高雄市林園區「中油林園廠」火災，已撲滅，1人受傷送醫】,111-01-07
【住宅火災】【7日彰化縣彰化市住宅火災，已撲滅，1人無生命徵象、2人受傷送醫】,111-01-07
​【地震】【8日05:12臺中市政府東北東方17.7公里(臺中市東勢區)發生芮氏規模4.5地震，無災情】,111-01-08
​【汽修廠火災】【7日臺北市大安區安和路2段1汽修廠火災，已撲滅，無傷亡】,111-01-08
​【木材工廠火災】【8日臺北市士林區延平北路8段1木材工廠火災，已撲滅，無傷亡】,111-01-08
【住宅火災】【8日新北市淡水區住宅火災，已撲滅，2人無生命徵象】,111-01-08
【輪胎行火災】【8日屏東縣九如鄉火災，已撲滅，1人受傷送醫】,111-01-08
【住宅火災】【8日臺南市新化區正新路住宅火災，已撲滅，無傷亡】,111-01-08
【汽車火災】【8日國道1號南向66.1K自小客車火災，已撲滅，車內1焦屍(身分待查)】,111-01-09
【木材工廠火災】【9日南投縣草屯鎮富頂路一段木材工廠火災，已撲滅，無傷亡】,111-01-10
【住宅火災】【10日嘉義縣民雄鄉西安路住宅火災，已撲滅，無傷亡】,111-01-10
【一氧化碳中毒】【10日臺中市西屯區2人一氧化碳中毒身體不適送醫】,111-01-10
【住宅火災】【10日臺南市永康區新興街3連棟住宅火災，已撲滅，無傷亡】,111-01-10
【貨櫃火災】【10日桃園市龍潭區梅龍三街貨櫃堆火災，已撲滅，無傷亡】,111-01-10
【工廠火災】【10日彰化縣田尾鄉仁里村某塑膠工廠火災，已撲滅，無傷亡】,111-01-10
【住宅火災】【10日新北市淡水區中山路1住宅火災，已撲滅，1無生命徵象送醫】,111-01-10
【倉庫火災】【11日彰化縣線西鄉倉庫火災，已撲滅，無傷亡】,111-01-11
【倉庫火災】【11日桃園市新屋區倉庫火災，已撲滅，無傷亡】,111-01-11
【複合式餐廳火災】【11日臺南市南區複合式餐廳火災，已撲滅，無傷亡】,111-01-11
【建築工地火災】【12日屏東縣屏東市建築工地火災，已撲滅，無傷亡】,111-01-13
​【山域事故】【13日花蓮縣萬榮鄉「二子山溫泉」一行11人隊伍，計6人被蜂螫，其中5人已送醫，空勤直升機及本署特搜共勤成功吊掛送醫】,111-01-13
​【住宅火災】【13日花蓮縣玉里鎮1住宅火災，已撲滅，無傷亡】,111-01-13
​【住宅火災】【13日臺南市善化區1住宅火災，已撲滅，1昏迷送醫】,111-01-13
【一氧化碳中毒】【15日桃園市蘆竹區4人一氧化碳中毒身體不適送醫】,111-01-15
 【住宅火災】【15日花蓮縣光復鄉1住宅火災，已撲滅，無傷亡】,111-01-15
【住宅火災】【15日新北市板橋區住宅火災，已撲滅，無傷亡】,111-01-15
【職業災害】【高雄港洲際貨櫃中心「華運工地」事故，救出受困8人送醫，其中1人送醫後宣告死亡】,111-01-15
【住宅火災】【15日新北市板橋區住宅火災，已撲滅，無傷亡】,111-01-16
【職業災害】【15日高雄港洲際貨櫃中心「華運工地」事故，救出受困8人送醫，其中2人送醫後宣告死亡】,111-01-16
【工廠火災】【15日新竹縣湖口鄉光復北路「致佳科技」火災，已撲滅，無傷亡】,111-01-16
​【地震】【1月16日16:15花蓮縣政府東北東方66.5公里(臺灣東部海域)發生芮氏規模5.5地震，無災情】,111-01-17
​【住宅火災】【16日臺東縣金峰鄉住宅火災，已撲滅，1男焦屍】,111-01-17
​【工廠火災】【16日新北市樹林區味王街工廠火災，已撲滅，無傷亡】,111-01-17
​【住宅火災】【17日桃園市大園區大觀路住宅火災，已撲滅，2焦屍】,111-01-17
【工廠火災】【17日臺中市霧峰區五福路工廠火災，已撲滅，無傷亡】,111-01-17
【汽車火災】【17日臺北市士林區延平北路某空地汽車火災，已撲滅，無傷亡】,111-01-17
【倉庫火災】【17日苗栗縣頭屋鄉獅潭村某倉庫火災，已撲滅，無傷亡】,111-01-17
【學校火災】【17日臺北市文山區「木柵高工」電子科實習工廠火災，已撲滅，無傷亡】,111-01-17
【學校火災】【18日桃園市中壢區「內壢國中」學務處火災，已撲滅，無傷亡】,111-01-18
【地震】【1月18日03:06花蓮縣政府西南西方17.6公里發生芮氏規模4.0地震，無災情】,111-01-18
【地震】【1月23日16:22宜蘭縣政府南南東方35.2公里發生芮氏規模4.0地震，無災情】,111-01-23
【住宅火災】【23日臺北市北投區實踐街某住宅火災，已撲滅，無傷亡】,111-01-23
【學校火災】【24日臺南市安南區台江大道三段600號「中信金融管理學院」火災，已撲滅，無傷亡】,111-01-25
【臨時屋火災】【24日桃園市八德區長興路臨時屋火災，已撲滅，無傷亡】,111-01-25
【住宅火災】【24日新北市林口區林口路住宅火災，已撲滅，救出三人(1無生命徵象、2輕傷)送醫】,111-01-25
【工寮火災】【25日花蓮縣卓溪鄉立山村工寮火災，已撲滅，無傷亡】,111-01-25
​【住宅火災】【26日宜蘭縣宜蘭市東港路2段住宅火災，已撲滅，無傷亡】,111-01-26
【工廠火災】【26日高雄市大寮區濃三街工廠火災，已撲滅，無傷亡】,111-01-26
【住宅火災】【26日新北市新店區復興路某住宅火災，已撲滅，4輕傷】,111-01-26
【住宅火災】【26日臺南市永康區住宅火災，已撲滅，1焦屍】,111-01-26
【住宅火災】【27日苗栗縣竹南鎮某住宅火災，已撲滅，無傷亡】,111-01-27
​【工廠火災】【29日新北市新莊區新樹路234巷3工廠火災，已撲滅，無傷亡】,111-01-29
【住宅火災】【29日新北市鶯歌區鶯桃路2段住宅火災，已撲滅，1消防人員燒燙傷送醫】,111-01-29
 【漁船火災】【30日基隆市中正區「正濱漁港」「日春輪268號」漁船火災，已撲滅，無傷亡】,111-01-30
【山域事故】【30日花蓮縣秀林鄉「卡羅樓山」三角點西南方1.5公里處，1行2人失溫申請救援案，31日空勤直升機及本署特搜共勤成功吊掛、平安救出】,111-02-01
【住宅火災】【31日桃園市八德區住宅火災，已撲滅，無傷亡】,111-02-01
【住宅火災】【31日南投縣水里鄉住宅火災，已撲滅，1焦屍】,111-02-01
【住宅火災】【31日新北市貢寮區住宅火災，已撲滅，無傷亡】,111-02-01
【住宅火災】【31日高雄市左營住宅火災，已撲滅，1女無生命徵象】,111-02-01
【住宅火災】【3日新北市三重區長壽西街住宅火災，已撲滅，4人輕傷送醫】,111-02-03
【住宅火災】【3日臺南市永康區忠孝路住宅火災，已撲滅，1焦屍】,111-02-03
【住宅火災】【4日臺東縣卑南鄉太平路住宅火災，已撲滅，無傷亡】,111-02-05
【工廠火災】【6日臺中市大里區國光路1段工廠火災，已撲滅，無傷亡】,111-02-06
​【廢棄空屋火災】【6日南投縣鹿谷鄉中正路3段廢棄空屋火災，已撲滅，無傷亡】,111-02-06
​【地震】【2月6日14:54臺東縣政府東北東方26.8公里(臺灣東南部海域)發生芮氏規模4.0地震，無災情】,111-02-06
【工廠火災】【8日新北市泰山區新五路一段工廠火災，已撲滅，無傷亡】,111-02-09
 【陸上交通事故】【13:30基隆市暖暖區台62線東向5.7K處1自小客自撞車禍，1人無生命徵象、3人輕傷，已全數救出送醫】,111-02-09
 【工廠火災】【9日彰化縣福興鄉番社街某木材工廠火災，已撲滅，無傷亡】,111-02-09
​【住宅火災】【9日金門縣金城鎮民族路住宅火災，已撲滅，無傷亡】,111-02-09
​【工寮火災】【9日花蓮縣吉安鄉南山五街工寮火災，已撲滅，1男輕傷送醫】,111-02-09
​【車輛火災】【9日嘉義縣民雄鄉松山村車輛火災，已撲滅，1男無生命徵象送醫】,111-02-09
​【陸上交通事故】【17:51國道一號南下176.2公里(臺中市西屯區)國光客運與4自小客車車禍，造成9人輕傷送醫，18:37全數送醫】,111-02-09
​【住宅火災】【9日臺中市潭子區中山路一段住宅火災，已撲滅，無傷亡】,111-02-10
【山域事故】【10日南投縣卓溪鄉「馬博拉斯山屋」1女高山症，空勤直升機及本署特搜共勤成功吊掛送醫】,111-02-10
【陸上交通事故】【11:55臺中市外埔區水美路(國道三號橋下)砂石車與遊覽車車禍，造成7人輕傷送醫，12:14全數送醫】,111-02-10
【住宅火災】【10日新北市新莊區住宅火災，已撲滅，1人無生命徵象送醫】,111-02-11
【住宅火災】【11日臺北市大安區住宅火災，已撲滅，無傷亡】,111-02-11
【資源回收廠火災】【12日高雄市小港區資源回收廠火災，已撲滅，無傷亡】,111-02-12
【住宅火災】【14日新北市新店區新明街住宅火災，已撲滅，1人無生命徵象、2人受傷送醫】,111-02-14
【住宅火災】【14日花蓮縣花蓮市中正路住宅火災，已撲滅，無傷亡】,111-02-15
【消防快訊-縱火】15日14:20高雄市小港區漢民路商店火災，無傷亡,111-02-15
【消防快訊-11:39彰化基督教醫院2樓天花板輕鋼架內空氣濾芯冒煙，由現場民眾以滅火器撲滅，未疏散，無傷亡】,111-02-15
【消防快訊-10:11臺中市清水區梧棲漁港1艘漁船起火，12:51火勢撲滅，無傷亡】,111-02-15
【住宅火災】【15日嘉義縣水上鄉寬士村崎子頭住宅火災，已撲滅，無傷亡】,111-02-15
【工廠火災】【15日彰化縣二林鎮廣興巷紙廠廠區戶外空地堆放紙磚火災，已撲滅，無傷亡】,111-02-15
【住宅火災】【16日雲林縣林內鄉成功路住宅火災，已撲滅，無傷亡】,111-02-16
【地震】【2月16日13:41花蓮縣政府西南西方18.8公里(花蓮縣秀林鄉)發生芮氏規模4.4地震】,111-02-16
【店鋪火災】【16日臺北市萬華區西寧南路店鋪火災，已撲滅，無傷亡】,111-02-16
【住宅火災】【17日南投縣草屯鎮富頂路1段住宅火災，已撲滅，1男呼吸道灼傷送醫】,111-02-17
【工廠火災】【18日臺南市歸仁區西埔一街工廠火災，已撲滅，無傷亡】,111-02-18
【工廠火災】【18日臺南市安定區工廠火災，已撲滅，無傷亡】,111-02-18
【一氧化碳中毒】【18日基隆市信義區東明路4人一氧化碳中毒2人意識不清2人意識清楚送醫】,111-02-18
【住宅火災】【18日新北市永和區豫溪街住宅火災，已撲滅，1人無生命徵象送醫】,111-02-19
​【學校火災】【19日宜蘭縣宜蘭市「國立宜蘭大學」教師研究室火災，已撲滅，1人輕傷送醫】,111-02-19
​【宿舍火災】【19日雲林縣麥寮鄉工業路公司宿舍火災，已撲滅，無傷亡】,111-02-19
​【工廠火災】【20日彰化縣鹿港鎮鹿工路工廠火災，已撲滅，無傷亡】,111-02-20
【學校火災】【20日屏東縣東港鎮東港國民小學中庭聖誕樹裝飾火災，已撲滅，無傷亡】,111-02-21
【住宅火災】【21日臺東縣關山鎮住宅火災，已撲滅，1人身體不適送醫】,111-02-21
【氣爆】【21日新北市板橋區縣民大道3段住宅氣爆，已撲滅，造成1死亡另2輕傷送醫】,111-02-21
​【住宅火災】【22日臺北市松山區光復南路住宅火災，已撲滅，無傷亡】,111-02-22
【住宅火災】【22日桃園市龍潭區佳安西路住宅火災，已撲滅，1女無生命徵象送醫急救】,111-02-22
【工廠火災】【22日嘉義縣民雄鄉中山路工廠火災，已撲滅，無傷亡】,111-02-23
【汽修廠火災】【22日嘉義市西區民生南路1汽修廠火災，已撲滅，1人輕傷送醫】,111-02-23
【住宅火災】【23日嘉義縣大林鎮大美里住宅火災，已撲滅，2輕傷送醫】,111-02-24
【住宅火災】【23日臺東縣臺東市綏遠路住宅火災，已撲滅，2嗆傷送醫檢查】,111-02-24
【住宅火災】【25日臺中市大甲區光明路1住宅火災，已撲滅，無傷亡】,111-02-25
【一氧化碳中毒】【26日基隆市中山區中和路3人一氧化碳中毒，意識清楚送醫】,111-02-26
【一氧化碳中毒】【26日桃園市大園區中山南路2人一氧化碳中毒，意識清楚送醫】,111-02-26
【山域事故】【26日11:04新竹縣尖石鄉品田山第一斷崖2男墜崖死亡案，空勤直升機及本署特搜共勤成功吊掛】,111-02-28
【鐵皮屋火災】【28日彰化縣溪湖鎮鐵皮屋火災，已撲滅，1焦屍】,111-02-28
【住宅火災】【28日臺中市龍井區藝術南街1住宅火災，已撲滅，1無生命徵象送醫】,111-02-28
【住宅火災】【28日花蓮縣花蓮市重慶路1住宅火災，已撲滅，無傷亡】,111-02-28
【一氧化碳中毒】【28日臺中市大雅區平和南路2人一氧化碳中毒，意識清楚送醫】,111-02-28
【住宅火災】【1日新北市三重區光復路1住宅火災，已撲滅，1女無生命徵象送醫】,111-03-01
【住宅火災】【1日嘉義縣太保市三合路1住宅火災，已撲滅，無傷亡】,111-03-01
【工廠火災】【1日嘉義縣東石鄉永屯村1爆竹工廠火災，已撲滅，1人燒傷送醫】,111-03-01
【工廠火災】【1日桃園市新屋區埔工路輕合金工廠火災，已撲滅，3人燒燙傷送醫】,111-03-01
【工廠火災】【1日桃園市平鎮區工業三路鋁鎂合金工廠火災，已控制，1男燒燙傷送醫、1女明顯死亡】,111-03-02
【住宅火災】【2日雲林縣古坑鄉住宅火災，已撲滅，1男明顯死亡、1男無生命徵象送醫】,111-03-02
【倉庫火災】【2日臺北市大同區住宅火災，已撲滅，3人嗆傷送醫】,111-03-02
【3日09:07全台大範圍停電，截至20:15全國各縣市電梯受困案件總計328件，救出395人，無待處理案件，惟南部地區尚未全面復電，後續由台電處理】,111-03-04
【工地火災】【3日臺北市建國南路1段某施工大樓火災，已撲滅，無傷亡】,111-03-04
【臨時屋火災-消防員受傷】【3日臺中市石岡區石岡水壩第一公墓攤販區臨時屋火災，1消防受傷】,111-03-04
【住宅火災】【3日雲林縣東勢鄉富農北路15巷某住宅火災，已撲滅，無傷亡】,111-03-04
【地震】【3月3日19:33宜蘭縣政府南南東方28.9公里(宜蘭縣近海)發生芮氏規模3.7地震】,111-03-04
【住宅火災】【6日南投縣國姓鄉北原路住宅火災，已撲滅，無傷亡】,111-03-06
【住宅火災】【6日臺中市中區興中街住宅火災，已撲滅，造成6死6傷】結報,111-03-07
【倉庫火災】【8日高雄市鳥松區倉庫火災，已撲滅，無傷亡】,111-03-08
【山域事故】【9日高雄市桃源區「海若南山」1女疑似高山症，空勤直升機及本署特搜共勤成功落地搭載送醫】,111-03-09
【區公所火災】【9日新北市鶯歌區仁愛路「鶯歌區公所」火災，已撲滅，無傷亡】,111-03-10
【工廠火災】【9日臺中市太平區永義路印刷工廠火災，已撲滅，救出4人，無傷亡】,111-03-10
【山域事故】【10日臺中市和平區雪東線10.5公里處1女摔落山谷無法行走，空勤直升機及本署特搜共勤成功落地搭載送醫】,111-03-12
【雜草火災】【2日臺中市北屯區東山路二段公墓雜草火災，已撲滅，1焦屍】,111-03-12
【住宅火災】【金門縣金沙鎮汶沙里忠孝新村某住宅火災，已撲滅，無傷亡】,111-03-12
【山域事故】【11日苗栗縣南庄鄉東河村鹿場神仙谷2人溺水均無生命徵象，空勤直升機及本署特搜共勤吊掛後送】,111-03-12
【住宅火災】【12日臺東縣卑南鄉初鹿一街16巷某住宅火災，已撲滅，無傷亡】,111-03-12
【工廠火災】【12日高雄市左營區汽車保養場工廠火災，已撲滅，無傷亡】,111-03-13
【住宅火災】【12日臺南市關廟區住宅火災，已撲滅，無傷亡】,111-03-13
【陸上交通事故】【12日高雄市國道1號遊覽車與多部自小客車發生車禍，6人受傷送醫】,111-03-13
【住宅火災】【12日嘉義市東區住宅火災，已撲滅，無傷亡】,111-03-13
【機車行火災】【13日新北市中和區電動機車行火災，已撲滅，無傷亡】,111-03-13
【一氧化碳中毒】【13日臺北市大安區敦化南路2段住宅3人一氧化碳中毒，意識清楚送醫】,111-03-13
【倉庫火災】【14日桃園市楊梅區梅獅路倉儲火災，已撲滅，無傷亡】,111-03-14
【工廠火災】【14日雲林縣斗六市工廠火災，已撲滅，無傷亡】,111-03-14
【電廠火災】【14日新竹縣關西鎮「新桃電廠」火災，已撲滅，無傷亡】,111-03-14
【山域事故】【16日宜蘭縣大同鄉「南湖大山」雲稜山屋附近1男摔傷、意識模糊，空勤直升機及本署特搜共勤吊掛後送】,111-03-16
【陸上交通事故(公務車輛事故、消防人員受傷)】【16日宜蘭縣政府消防局宜蘭分隊後勤車執行安檢勤務途中與自小客車發生車禍，造成5人輕傷送醫】,111-03-16
【陸上交通事故】【17日臺中市國道1號5輛自小客車發生車禍，6人輕傷送醫】,111-03-17
【倉庫火災】【18日臺北市士林區延平北路8段倉庫火災，已撲滅，2消防人員燒燙傷送醫】,111-03-18
【工廠火災】【18日基隆市安樂區武訓街工廠火災，已撲滅，無傷亡】,111-03-18
【民宅火災】【19日臺北市北投區紗帽路民宅火災，己撲滅，無傷亡】,111-03-19
 【地震】【19日23:23南投縣政府南方29.4公里發生芮氏規模5.1地震，無災情】,111-03-20
【倉庫火災】【22日臺南市麻豆區北勢里倉庫火災，已撲滅，無傷亡】結報,111-03-22
【住宅火災】【22日高雄市鳳山區海洋一路住宅火災，已撲滅，無傷亡】,111-03-22
【住宅火災】【23日中山區中山北路一段住宅火災，已撲滅，無傷亡】,111-03-23
【停車場火災】【24日新北市新莊區停車場辦公室火災，已撲滅，無傷亡】,111-03-24
【工廠火災】【24日桃園市平鎮區工廠火災，已撲滅，無傷亡】,111-03-24
【店鋪火災】【24日高雄市鳳山區店鋪火災，已撲滅，無傷亡】,111-03-24
【住宅火災】【24日苗栗縣泰安鄉錦水村住宅火災，已撲滅，1人無生命徵象送醫】,111-03-24
【工廠火災】【28日03:03嘉義縣民雄鄉豐收村某食品工廠火災，已撲滅，無傷亡】,111-03-28
【工廠火災】【28日02:58桃園市大園區大工路某工廠火災，已控制，無傷亡，持續搶救中】,111-03-28
【工廠火災】【28日桃園市觀音區經建四路某塗料工廠火災，已撲滅，無傷亡】,111-03-28
【工廠火災】【30日彰化縣秀水鄉雅興街某工廠火災，已撲滅，無傷亡】,111-03-31
【住宅火災】【30日新竹市東區民族路住宅火災，已撲滅，無傷亡】,111-03-31
【太陽光電發電站火災】【30日臺中市龍井區龍港路某太陽光電發電站火災，已撲滅，無傷亡】,111-03-31
【倉庫火災】【1日南投縣鹿谷鄉鳳園路倉庫火災，已撲滅，無傷亡】,111-04-01
3日屏東縣春日鄉某石板屋火災，已撲滅，無傷亡,111-04-03
【住宅火災】【3日臺北市萬華區環河南路2段住宅火災，已撲滅，無傷亡】,111-04-04
​【住宅火災】【4日臺北市松山區南京東路5段住宅火災，已撲滅，1焦屍】,111-04-04
【地震】【4月4日09:50高雄市政府北北東方58.5公里(高雄市甲仙區)發生芮氏規模4.8地震，無災情】,111-04-05
【地震】【4月4日13:24臺東縣政府北北東方71.1公里(臺東縣近海)發生芮氏規模4.0地震，無災情】,111-04-05
【公墓火災】【4日18:28臺中市龍井區臨港東路二段155巷第二公墓火災，已撲滅，1人死亡】,111-04-05
【山域事故】【5日高雄市桃源區「荖濃溪」1男遭落石砸傷、意識模糊，空勤直升機及本署特搜共勤吊掛後送】,111-04-05
【貨櫃屋火災】【6日臺北市信義區信義路貨櫃屋火災，已撲滅，無傷亡】,111-04-07
【住宅火災】【8日22:49臺北市內湖區成功路四段某捷運共構大樓住宅火災，已撲滅，無傷亡】,111-04-09
【山域事故】【6日花蓮縣卓溪鄉「阿波蘭山」1女墜落山坡、右腳開放性骨折，9日空勤直升機及本署特搜共勤吊掛後送】,111-04-09
【住宅火災】【9日臺北市大同區重慶北路2段住宅火災，已撲滅，無傷亡】,111-04-09
【機關火災】【9日臺中市豐原區「臺中市政府建設局養護工程處停車場」火災，已撲滅，無傷亡】,111-04-10
【地震】【4月10日19:32宜蘭縣政府南南東方44.8公里(臺灣東部海域)發生芮氏規模3.5地震，無災情】,111-04-11
【住宅火災】【11日桃園市大園區大竹南路住宅火災，已撲滅，1焦屍】,111-04-11
​【一氧化碳中毒】【11日臺中市北區1人一氧化碳中毒身體不適送醫】,111-04-12
​【一氧化碳中毒】【11日新竹市北區2人一氧化碳中毒死亡】,111-04-12
【機關火災】【12日桃園市八德區「八德區公所」火災，已撲滅，無傷亡】,111-04-13
【地震】【4月12日12:14高雄市政府東北方46.6公里(高雄市六龜區)發生芮氏規模4.6地震，無災情】,111-04-13
【工廠火災】【12日臺中市豐原區國豐路3段鞋子工廠火災，已撲滅，無傷亡】,111-04-13
【工廠火災】【13日04:35新北市鶯歌區甲一街某陶瓷工廠火災，已撲滅，無傷亡】,111-04-13
【住宅火災】【15日屏東縣九如鄉東寧路住宅火災，已撲滅，無傷亡】,111-04-15
【住宅火災】【17日07:58高雄市鹽埕區興華街某住宅火災，已撲滅，無傷亡】,111-04-17
【醫院火災】【20日高雄市苓雅區聖功醫院3樓火災，已撲滅，無傷亡】,111-04-20
【山域事故】【26日07:32臺中市和平區釜碗山西峰1山友大體案，空勤直升機及本署特搜共勤成功吊掛】,111-04-27
【餐廳火災】【27日02:15臺中市北區健行路餐廳火災，已撲滅，無傷亡】,111-04-27
​【鐵皮屋火災】【27日南投縣埔里鎮枇杷路鐵皮屋火災，已撲滅，無傷亡】,111-04-28
【地震】【4月28日08:42高雄市政府東北方80.6公里(高雄市桃源區)發生芮氏規模4.1地震，無災情】,111-04-29
【車輛火災】【28日10:48臺北市中山區大佳河濱公園1計程車火災，已撲滅，1人明顯死亡未送醫】,111-04-29
【工廠火災】【28日桃園市八德區東勇街1鐵皮工廠火災，已撲滅，無傷亡】,111-04-29
【鴿舍火災】【28日新北市深坑區炮子崙1鐵皮建物火災，已撲滅，無傷亡】,111-04-29
​【山域事故】【28日20:39臺中市和平區南湖山屋1男身體不適，空勤直升機及本署特搜共勤成功救援】,111-04-30
​【工廠火災】【29日桃園市龜山區樹人路工廠火災，已撲滅，無傷亡】,111-04-30
​【山域事故】【29日10:59高雄市桃源區小關山1男高山症，空勤直升機及本署特搜共勤成功救援】,111-04-30
​【住宅火災】【30日臺中市大里區健行路住宅火災，已撲滅，1男燒傷送醫】,111-04-30
【倉庫火災】【5月1日彰化縣彰化市線東路1段倉庫火災，已撲滅，無傷亡】,111-05-01
【工廠火災】【高雄市大社區大社路某工廠火災，已撲滅，無傷亡】,111-05-09
【住宅火災】【11日19:47高雄市三民區三德西街55巷住宅火災，已撲滅，無傷亡】,111-05-12
【住宅火災】【臺北市北投區中和街錫安巷住宅火災，已撲滅，1男焦屍】,111-05-12
​【住宅火災】【15日花蓮縣吉安鎮住宅火災，已撲滅，無傷亡】,111-05-15
​【宮廟火災】【15日新北市汐止區宮廟火災，已撲滅，無傷亡】,111-05-15
【住宅火災】【20日11:12高雄市大寮區開封街55巷1住宅火災，已撲滅，1無生命徵象】,111-05-21
【工廠火災】【21日新竹縣新豐鄉工廠火災，已撲滅，無傷亡】,111-05-22
【消防快訊-臺北市北投區大業路某立體停車場疑似縱火】,111-05-22
【住宅火災】【24日13:11屏東縣新園鄉田南路1住宅火災，已撲滅，1傷】,111-05-24
【倉庫火災】【27日臺南市仁德區倉庫火災，已撲滅，無傷亡,111-05-28
【住宅火災】【28日01:05宜蘭縣五結鄉舊街二路101巷某住宅火災，已撲滅，1傷】,111-05-28
【地震】【5月28日03:39臺東縣政府北北方49.6公里(臺東縣海端鄉)發生芮氏規模3.7地震，無災情】,111-05-28
【工廠火災】【28日桃園市大園區工廠火災，已撲滅，無傷亡】,111-05-28
​【住宅火災】【28日高雄市三民區義華路住宅火災，已撲滅，1人輕傷、1人無生命徵象均送醫】,111-05-29
​【工廠火災】【28日桃園市大園區工廠火災，已撲滅，無傷亡】,111-05-29
​【住宅火災】【29日南投縣仁愛鄉清華巷住宅火災，已撲滅，無傷亡】,111-05-29
【地震】【5月30日03:10花蓮縣政府西南西方17.5公里(花蓮縣秀林鄉)發生芮氏規模3.5地震，查無災情】,111-05-30
 【工廠火災】【30日新竹市東區東美路鐵皮屋火災，已撲滅，無傷亡】,111-05-30
​【工廠火災】【1日00:17臺中市潭子區1膠囊工廠火災，已撲滅，無傷亡】,111-06-01
【住宅火災】【1日臺中市中市潭子區潭興路三段某住宅大樓，已撲滅，1男明顯死亡】,111-06-01
【地震】【6月1日16:16臺東縣政府北北東方75.9公里(臺東縣長濱鄉)發生芮氏規模4.1地震，查無災情】,111-06-01
【工廠火災】【2日高雄市阿蓮區復安里工廠火災，已撲滅，無傷亡】,111-06-02
【住宅火災】【2日14:42高雄市永安區永華路9巷某住宅火災，已撲滅，1死】,111-06-02
【住宅火災】【2日14:24彰化縣彰化市中山路三段85巷某住宅火災，已撲滅，1死】,111-06-02
【住宅火災】【3日02:54澎湖縣馬公市三多路某住宅火災，已撲滅，1死】,111-06-03
【宮廟火災】【3日04:18新竹縣湖口鄉乾興路某私人宮廟火災，已撲滅，無傷亡】,111-06-03
【山域事故】【4日花蓮縣秀林鄉翡翠谷1男溺水無生命徵象請求救援，空勤直升機及本署特搜共勤成功吊掛後送】,111-06-05
【地震】【6月5日5:36臺東縣政府北北東方67.0公里(臺東縣近海)發生芮氏規模3.9地震，查無災情】,111-06-05
​【住宅火災】【6日臺東縣臺東市仁愛街住宅火災，已撲滅，無傷亡】,111-06-07
​【學校宿舍火災】【6日臺東縣長濱鄉「三間國小」宿舍火災，已撲滅，無傷亡】,111-06-07
【住宅火災】【7日新北市八里區華峰一街住宅火災，已撲滅，1女無生命徵象送醫】,111-06-08
【住宅火災】【8日新北市淡水區淡海路住宅火災，已撲滅，無傷亡】,111-06-09
【倉庫火災】【8日桃園市楊梅區和平路倉庫火災，已撲滅，無傷亡】,111-06-09
【住宅火災】【9日03:04苗栗縣後龍鎮秀水里1住宅火災，已撲滅，2傷】,111-06-09
【住宅火災】【9日06:49花蓮縣卓溪鄉立山村1住宅火災，已撲滅，無傷亡】,111-06-10
【工廠火災】【9日12:10桃園市蘆竹區長興路3段工廠火災，已撲滅，1男無生命徵象送醫】,111-06-10
【倉庫火災】【11日22:45臺東縣臺東市知本路二段倉庫火災，已撲滅，無傷亡】,111-06-12
【倉儲火災】【12日臺南市仁德區中洲路塑膠廢料倉儲火災，已撲滅，無傷亡】,111-06-13
【住宅火災】【嘉義縣朴子市開元路某住宅火災，已撲滅，無傷亡】,111-06-14
【住宅火災】【13日高雄市阿蓮區住宅火災，已撲滅，1男疑似自焚明顯死亡】,111-06-14
【倉庫火災】【16日臺中市南屯區五權西路三段2間倉庫火災，已撲滅，無傷亡】,111-06-16
【汽修廠火災】【15日新竹市東區東大路一段汽修廠火災，已撲滅，8人死亡，1人輕傷送醫】,111-06-16
​【鐵皮屋火災】【18日嘉義縣太保市「太保市公所垃圾掩埋場」鐵皮屋火災，已撲滅，無傷亡】,111-06-19
【山域事故】【19日臺中市和平區南湖大山「審馬陣山屋」1男高山症肺水腫，空勤直升機及本署特搜共勤成功吊掛後送】,111-06-19
【工廠火災】【19日臺中市大雅區永和路火災，已撲滅，無傷亡】,111-06-19
【地震】【6月20日02:38臺東縣政府北方28.6公里(臺東縣關山鎮)發生芮氏規模3.6地震，無災情】,111-06-20
【倉庫火災】【20日宜蘭縣宜蘭市民權路二段某倉庫火災，已撲滅，無傷亡】,111-06-20
​【地震】【6月21日09:30花蓮縣政府南南西方41.0公里(花蓮縣豐濱鄉)發生芮氏規模4.1地震，無災情】,111-06-22
​【機關火災】【21日09:16高雄市「內政部警政署高雄港務警察總隊」火災，已撲滅，無傷亡】,111-06-22
​【山域事故】【21日新竹縣五峰鄉大鹿林道檜山1大體，空勤直升機及本署特搜共勤成功吊掛】,111-06-22
​【山域事故】【21日南投縣仁愛鄉合歡北峰1男失溫、摔傷無法行走，空勤直升機及本署特搜共勤成功吊掛後送】,111-06-22
​【地震】【6月21日14:52花蓮縣政府南南西方38.5公里(花蓮縣光復鄉)發生芮氏規模3.7地震，無災情】,111-06-22
​【住宅火災】【21日14:29臺東縣成功鎮八邊路1住宅火災，已撲滅，無傷亡】,111-06-22
​【地震】【6月21日20:01花蓮縣政府南南西方33.1公里(花蓮縣光復鄉)發生芮氏規模3.6地震，無災情】,111-06-22
​【地震】【6月21日20:05花蓮縣政府南南西方32.9公里(花蓮縣鳳林鎮)發生芮氏規模3.9地震，無災情】,111-06-22
​【住宅火災】【21日17:59新竹縣尖石鄉秀巒村住宅火災，已撲滅，無傷亡】,111-06-22
​【住宅火災】【21日21:58臺中市南區復興路三段1住宅火災，已撲滅，2死2輕傷】,111-06-22
【地震】【6月22日02:52花蓮縣政府南南西方43.0公里(花蓮縣光復鄉)發生芮氏規模3.5地震，無災情】,111-06-22
​【地震】【6月22日03:08花蓮縣政府南南西方31.1公里(花蓮縣鳳林鎮)發生芮氏規模3.5地震，無災情】,111-06-22
​【地震】【6月22日04:52花蓮縣政府南南西方34.7公里(花蓮縣豐濱鄉)發生芮氏規模3.4地震，無災情】,111-06-22
【山域事故】【23日花蓮縣卓溪鄉馬利加南山屋1男高山症，空勤直升機及本署特搜共勤成功吊掛後送】,111-06-24
【陸上交通事故】【23日09:29屏東縣枋寮鄉中正大路791號前3汽車車禍，5人輕傷送醫】,111-06-24
【學校火災】【04:28新北市板橋區「後埔國小」火災，已撲滅，無傷亡】,111-06-24
【飯店火災】【23日13:31臺北市松山區南京東路三段255號兄弟飯店火災，已撲滅，無傷亡】,111-06-24
【山域事故】【23日臺中市和平區大劍山1女右手掌開放性骨折，空勤直升機及本署特搜共勤成功吊掛後送】,111-06-24
【住宅火災】【23日19:18宜蘭縣羅東鎮住宅火災，已撲滅，無傷亡】,111-06-24
【地震】【6月24日04:21花蓮縣政府南南西方41.9公里(花蓮縣近海)發生芮氏規模4.5地震，無災情】,111-06-24
【商店火災】【24日11:59南投縣竹山鎮大明路商店火災，已撲滅，無傷亡】,111-06-25
【地震】【6月24日13:47花蓮縣政府南南西方45.2公里(花蓮縣光復鄉)發生芮氏規模3.9地震，無災情】,111-06-25
【倉庫火災】【24日13:41桃園市大溪區康莊路三段倉庫火災，已撲滅，無傷亡】,111-06-25
【地震】【6月24日15:09花蓮縣政府南南西方41.1公里(花蓮縣豐濱鄉)發生芮氏規模4.1地震，無災情】,111-06-25
【陸上交通事故】【25日02:45臺中市西屯區國道1號南下175.8公里處，3貨車及2自小客車發生車禍，7人受傷送醫】,111-06-25
【學校火災】【25日06:07金門縣金寧鄉「金門大學」綜合大樓地下室1教室火災，已撲滅，無傷亡】,111-06-25
【漁船火災】【25日高雄市旗津區某船廠鮪釣漁船火災，已撲滅，無傷亡】,111-06-25
【地震】【6月25日10:27花蓮縣政府南南西方44.9公里(花蓮縣光復鄉)發生芮氏規模4.9地震，無災情】,111-06-25
【地震】【6月25日10:32花蓮縣政府南南西方46.8公里(花蓮縣光復鄉)發生芮氏規模4.1地震，無災情】,111-06-25
【地震】【6月25日10:37花蓮縣政府南南西方45.3公里(花蓮縣光復鄉)發生芮氏規模4.3地震，無災情】,111-06-25
【地震】【6月25日10:38花蓮縣政府南南西方45.4公里(花蓮縣光復鄉)發生芮氏規模3.5地震，無災情】,111-06-25
​【地震】【6月25日13:42花蓮縣政府南南西方45.4公里(花蓮縣光復鄉)連續發生2起有感地震，無災情】,111-06-25
​【地震】【6月25日18:06花蓮縣政府南南西方44.1公里(花蓮縣光復鄉)發生芮氏規模3.7地震，無災情】,111-06-25
【地震】【6月25日21:34、21:46、22:03、22:08於花蓮縣光復鄉發生芮氏規模5.1、3.7、3.8、3.8地震，無災情】,111-06-26
【地震】【6月26日00:07、00:13、00:50花蓮縣光復鄉及鳳林鎮發生芮氏規模4.0、3.6、3.6地震，無災情】,111-06-26
【山域事故】【28日苗栗縣泰安鄉「聖稜線」1女高山症，空勤直升機及本署特搜共勤成功吊掛後送,111-06-29
【陸上交通事故】【28日18:20屏東縣恆春鎮南灣路206號前，2自小客車車禍，6輕傷皆意識清醒送醫】,111-06-29
【地震】【6月28日21:43於高雄市政府南方70.8公里(臺灣西南部海域)發生芮氏規模5.3地震，無災情】,111-06-29
【住宅火災】【29日00:13新北市三重區大同南路某住宅2樓火災，已撲滅，救出3人無生命徵象送醫】,111-06-29
【山域事故】【30日南投縣仁愛鄉奇萊山成功山屋1男胸痛無法行走，空勤直升機及本署特搜共勤成功吊掛後送】,111-06-30
​【地震】【6月30日11:14花蓮縣政府南方28.1公里(花蓮縣近海)發生芮氏規模3.8地震，無災情】,111-06-30
【地震】【6月30日12:56花蓮縣政府南方27.5公里(花蓮縣近海)發生芮氏規模3.6地震，無災情】,111-06-30
​【住宅火災】【30日16:55彰化縣鹿港鎮住宅火災，已撲滅，1死亡】,111-07-01
​【住宅火災】【30日19:45彰化縣溪湖鎮住宅火災，已撲滅，1人死亡】,111-07-01
【工廠火災】【19:04臺中市烏日區太明路某工廠火災，已撲滅，無傷亡】,111-07-02
【地震】【7月1日21:32臺東縣政府南南東方69.9公里(臺灣東南部海域)發生芮氏規模4.8地震，無災情】,111-07-02
【地震】【7月1日23:07臺東縣政府南南東方70.3公里(臺灣東南部海域)發生芮氏規模3.9地震，無災情】,111-07-02
【禮儀公司火災】【4日03:04桃園市中壢區培英路某連棟鐵皮建物火災，已撲滅，無傷亡】,111-07-04
【自焚】【3日新北市三重區三和路4段145巷內1死】,111-07-04
【住宅火災】【5日13:36屏東縣恆春鎮恆南路1住宅火災，已撲滅，1男童無生命徵象】,111-07-06
【住宅火災】【5日19:33桃園市蘆竹區南山北路二段住宅火災，已撲滅，無傷亡】,111-07-06
【住宅火災】【6日00:14臺中市大雅區月祥路住宅火災，已撲滅，無傷亡】,111-07-06
【山域事故】【6日花蓮縣秀林鄉「奇萊東稜」往「岳王亭」1男獨攀失聯且高山症，空勤直升機及本署特搜共勤成功吊掛後送】,111-07-08
​【地震】【7月8日19:57宜蘭縣政府東北東方25.9公里(臺灣東部海域)發生芮氏規模4.3地震，無災情】,111-07-09
​【地震】【7月9日01:43臺東縣政府北北東方55.5公里(臺東縣成功鎮)發生芮氏規模4.2地震，無災情】,111-07-09
【工廠火災】【11日09:34桃園市大溪區康莊路某木材加工廠火災，已撲滅，無傷亡】,111-07-11
【消防快訊-天然氣外洩】【11日09:55臺中市北區太原八街施工挖斷管線，造成天然氣外洩，已止漏，無傷亡】,111-07-11
【新聞監看-臺北市文山區辛亥路地下室機房火災，已撲滅，無傷亡】,111-07-11
【工廠火災】【11日11:56臺中市神岡區溪頭路某烤漆工廠火災，已撲滅，無傷亡】,111-07-11
【山域事故】【13日南投縣信義鄉「八通關大草原」1男摔傷無法行走、意識清楚，空勤直升機及本署特搜共勤落地搭載傷者送醫】,111-07-13
【住宅火災】【14日11:34臺東縣關山鎮德高里1住宅火災，已撲滅，無傷亡】,111-07-15
【建材行火災】【14日12:20宜蘭縣五結鄉向上路建材行火災，已撲滅，1男燒燙傷送醫】,111-07-15
【山域事故】【16日花蓮縣卓溪鄉塔芬池1女左腕骨折、右膝撕裂傷，空勤直升機及本署特搜共勤吊掛傷者送醫】,111-07-16
【住宅火災】【16日高雄市前鎮區某住宅火災，已撲滅，1女疑似自焚明顯死亡】,111-07-16
【工廠火災】【16日08:00桃園市中壢區文中路工廠火災，已撲滅，無傷亡】,111-07-16
【山域事故】【15日高雄市桃源鄉拉庫音溪山屋1女腳扭傷，空勤直升機及本署特搜共勤吊掛傷者送醫】,111-07-16
【工廠火災】【24日臺中市烏日區振興街汽車回收場火災，已撲滅，無傷亡】,111-07-25
​【地震】【7月24日08:32臺東縣政府北北東方65.8公里(臺東縣近海)發生芮氏規模5.2地震，無災情】,111-07-25
​【住宅火災】【24日花蓮縣富里鄉萬寧村住宅火災，已撲滅，無傷亡】,111-07-25
​【住宅火災】【24日臺中市大甲區錦上街住宅火災，已撲滅，1男受傷送醫】,111-07-25
​【地震】【7月25日02:16花蓮縣政府南南西方72.9公里(花蓮縣玉里鎮)發生芮氏規模4.5地震，無災情】,111-07-25
​【地震】【7月25日07:44苗栗縣政府東南方19.7公里(苗栗縣泰安鄉)發生芮氏規模4.3地震，無災情】,111-07-26
​【山域事故】【25日高雄市桃源區「圓峰山屋」1男高山症，空勤直升機及本署特搜共勤落地搭載患者送醫】,111-07-26
【垃圾場火災】【雲林縣虎尾鎮下溪里某垃圾場火災，已撲滅，無傷亡】,111-07-26
​【地震】【7月26日06:11花蓮縣政府西北西方10.5公里(花蓮縣秀林鄉)發生芮氏規模3.9地震，無災情】,111-07-26
【工廠火災】【26日彰化縣芬園鄉彰南路四段某工廠火災，已撲滅，無傷亡】,111-07-27
【住宅火災】【26日高雄市前鎮區三多三路1住宅火災，已撲滅，救出1人無生命徵象送醫】,111-07-27
​【山域事故】【26日花蓮縣秀林鄉「帕托魯山三叉點營地」1男高山症，空勤直升機及本署特搜共勤成功吊掛患者送醫】,111-07-27
​【山域事故】【16日臺東縣海端鄉「戒茂斯山」1男失蹤，空勤直升機及本署特搜共勤成功吊掛大體下山】,111-07-27
​【機關火災】【26日19:41屏東火車站2樓電氣室火災，已撲滅，無傷亡】,111-07-27
​【住宅火災】【26日19:12新北市淡水區水碓25巷某住宅火災，已撲滅，2人無生命徵象】,111-07-27
​【工廠火災】【26日23:18新北市樹林區光武街巷某工廠火災，已撲滅，無傷亡】,111-07-27
​【住宅火災】【27日屏東縣屏東市復興南路2段1住宅火災，已撲滅，無傷亡】,111-07-27
【山域事故】【29日花蓮縣卓溪鄉「盧利拉駱山」1男摔傷，空勤直升機及本署特搜共勤成功吊掛送醫】,111-07-30
【山域事故】【30日臺東縣海端鄉「嘉明湖避難山屋」旁1公里處1女高山症，空勤直升機及本署特搜共勤成功吊掛送醫】,111-07-30
【山域事故】【31日花蓮縣奇萊東稜「北鞍營地」1外籍男性腳扭傷無法行走，空勤直升機及本署特搜共勤成功吊掛送醫】,111-07-31
【住宅火災】【31日臺北市內湖區內湖路1段住宅火災，已撲滅，無傷亡】,111-08-01
【住宅火災】【31日雲林縣口湖鄉蚵寮路某住宅火災，已撲滅，無傷亡】,111-08-01
【地震】【8月1日01:50臺東縣政府南南東方100.8公里(臺灣東南部海域)發生芮氏規模3.3地震，無災情】,111-08-01
【住宅火災】【16:12澎湖縣湖西鄉湖西村某住宅火災，已撲滅，1傷】,111-08-02
​【山域事故】【2日臺東縣海端鄉海諾南山下營地1女腳傷無法行走，空勤直升機及本署特搜共勤成功落地搭載送醫】,111-08-05
​【住宅火災】【5日14:35南投縣仁愛鄉發祥村1連棟住宅火災，已撲滅，無傷亡】,111-08-05
​【倉庫火災】【5日18:39屏東縣麟洛鄉農田四巷1倉庫火災，已撲滅，無傷亡】,111-08-06
​【餐廳火災】【6日05:36高雄市楠梓區大學東路1餐廳火災，已撲滅，無傷亡】,111-08-06
【住宅火災】6日05:36桃園市楊梅區中山路1住宅火災，已撲滅，無傷亡,111-08-06
【回收場火災】6日07:50屏東縣九如鄉榮泉街某回收場火災，已撲滅，無傷亡,111-08-06
【輕航機空難，尋獲2焦屍】,111-08-07
【消防快訊-海難】,111-08-07
【山域事故】【6日花蓮縣秀林鄉鐵線斷崖1男摔傷左肩脫臼變形，空勤直升機及消防署特搜人員成功吊掛後送醫】,111-08-07
【倉庫火災】【8日19:04臺南市新營區長榮路2段倉庫火災，已撲滅，無傷亡】,111-08-09
【木林廠火災】【9日臺中市龍井區竹師路某木材廠火災，已撲滅，無傷亡,111-08-10
【地震】【8月10日02:49花蓮縣政府南南西方27.8公里(花蓮縣壽豐鄉)發生芮氏規模3.6地震，無災情】,111-08-10
【住宅火災】【10日06:15金寧鄉伯玉路某住宅火災，已撲滅，無傷亡】,111-08-11
【倉庫火災】【10日14:31臺中市大雅區神林路一段104巷倉庫火災，已撲滅，無傷亡】,111-08-11
【工廠火災】【10日23:50嘉義縣民雄鄉大崎村大丘園某工廠火災，已撲滅，無傷亡】,111-08-11
​【商店火災】【11日14:34新竹市東區關新東路商店火災，已撲滅，無傷亡】,111-08-12
​【山域事故】【11日南投縣仁愛鄉大陸池營地附近1男迷途缺糧，空勤直升機及消防署特搜人員成功吊掛後送醫】,111-08-12
【住宅火災】【13日08:22花蓮縣新城鄉某住宅火災，已撲滅，無傷亡】,111-08-13
【住宅火災】【13日10:51嘉義縣六腳鄉某住宅火災，已撲滅，1男全身90% 3度燒傷送醫】,111-08-13
【雞舍火災】【13日10:33嘉義縣東石鄉某雞舍火災，已撲滅，無傷亡】,111-08-13
【工廠火災】【13日18:11新北市五股區某工廠火災，已撲滅，無傷亡】,111-08-13
【工廠火災】【13日21:17基隆市七堵區自強路某工廠火災，已撲滅，無傷亡】,111-08-14
住宅火災】【14日04:07嘉義縣阿里山鄉達邦村某住宅火災，已撲滅，無傷亡】,111-08-14
​【工廠火災】【14日11:45臺中市梧棲區大觀路某工廠火災，已撲滅，無傷亡】,111-08-15
​【地震】【8月14日16:22宜蘭縣政府南南東方28.7公里(宜蘭縣近海)發生芮氏規模3.5地震，無災情】,111-08-15
​【工地火災】【15日02:58新北市板橋區大漢街與環河西路四段交叉路口1建築工地火災，已撲滅，無傷亡】,111-08-15
【倉庫火災】【16日新北市三重區地下室倉庫火災，已撲滅，無傷亡】,111-08-17
【垃圾掩埋場火災】【16日21:07臺東縣關山鎮關山垃圾掩埋場火災，已撲滅，無傷亡】,111-08-17
【汽車修理廠火災】【18日花蓮縣花蓮市尚志路1汽車修理廠火災，已撲滅，無傷亡】,111-08-18
【地震】【8月18日18:44於花蓮縣政府東北方19.8公里(花蓮縣近海)發生芮氏規模3.9地震及18:47於花蓮縣政府北北東方19.6公里(花蓮縣近海)發生芮氏規模4.0地震，無災情】,111-08-19
【地震】【8月18日22:12花蓮縣政府北北東方19.1公里(花蓮縣近海)發生芮氏規模3.6地震，無災情】,111-08-19
【一氧化碳中毒】【18日澎湖縣望安鄉2人一氧化碳中毒，意識清楚送醫】,111-08-19
【住宅火災】【19日02:32屏東縣恆春鎮大埔路16號住宅火災，已撲滅，無傷亡】,111-08-19
【倉庫火災】【18日桃園市楊梅區倉庫火災，已撲滅，1男死亡】,111-08-19
【機關火災】【19日09:40金門縣金湖鎮新市里里公所廚房火災，已撲滅，無傷亡】,111-08-20
【山域事故】【19日南投縣信義鄉杜鵑營地附近1女摔傷頸椎，空勤直升機及消防署特搜人員成功吊掛後送醫】,111-08-20
【地震】【8月19日19:25宜蘭縣政府東北東方21.0公里(臺灣東部海域)發生芮氏規模3.9地震，無災情】,111-08-20
【住宅火災】【20日02:20桃園市中壢區中正路某住宅火災，已撲滅，2人無生命徵象】,111-08-20
​【建築工地火災】【23日19:08新北市三芝區福海路建築工地火災，已撲滅，無傷亡】,111-08-24
​【宮廟火災】【24日03:47基隆市仁愛區南新街51巷內「賢默宮」宮廟火災，已撲滅，無傷亡】,111-08-24
【住宅火災】【24日新北市三重區中央北路住宅火災，已撲滅，1男無生命徵象送醫】,111-08-25
【新聞監看-景觀餐廳火災，已撲滅，無傷亡】,111-08-25
【倉庫火災】【24日20:02宜蘭縣員山鄉惠深一路某倉庫火災，已撲滅，無傷亡】,111-08-25
【小吃店火災】【24日22:13彰化縣溪湖鎮員鹿路某小吃店火災，已撲滅，2人輕傷送醫】,111-08-25
【工寮火災】【24日22:37新北市八里區挖子尾路某工寮火災，已撲滅，無傷亡】,111-08-25
【學校火災】【26日臺北市大安區「國立臺灣大學」校區內「農化新館」2樓機房火災，已撲滅，無傷亡】,111-08-26
【員工宿舍火災】【27日00:28苗栗縣後龍鎮宏陽路「永發紙業股份有限公司」員工宿舍火災，已撲滅，無傷亡】,111-08-27
【工地火災】【27日18:59新北市三重區中正北路560巷某工地火災，已撲滅，無傷亡】,111-08-28
【工地火災】【27日21:04新北市新莊區福壽街與富貴路交叉路口旁某工地地下室火災，已撲滅，無傷亡】,111-08-28
​【宮廟火災】【31日桃園市龜山區「威天宮」火災，已撲滅，無傷亡】,111-08-31
【商店火災】【1日臺中市烏日區商店火災，已撲滅，無傷亡】,111-09-01
​【地震】【9月1日15:01臺東縣政府北北東方44.9公里(臺東縣成功鎮)發生芮氏規模4.6地震，無災情】,111-09-01
​【地震】【9月1日15:06臺東縣政府北方44.9公里(臺東縣海端鄉)發生芮氏規模3.6地震，無災情】,111-09-01
​【地震】【9月1日19:06宜蘭縣政府南方38.6公里(宜蘭縣近海)發生芮氏規模3.2地震，無災情】,111-09-01
​【倉庫火災】【1日臺東縣臺東市倉庫火災，已撲滅，無傷亡】,111-09-02
【住宅火災】【11:30花蓮縣鳳林鎮平順路1住宅火災，已撲滅，無傷亡】,111-09-03
【住宅火災】【16:04花蓮縣壽豐鄉水璉村1住宅火災，已撲滅，無傷亡】結報,111-09-03
【工廠火災】【07:25臺中市龍井區臺灣大道五段1工廠火災，已撲滅，無傷亡】結報,111-09-03
【工廠火災】【5日15:39新北市樹林區東和街某工廠火災，已撲滅，無傷亡】,111-09-06
【住宅火災】【5日19:21嘉義縣朴子市大葛里1住宅火災，已撲滅，1無生命徵象送醫】,111-09-06
【商店火災】【5日18:16桃園市龜山區文化三路商店火災，已撲滅，無傷亡】,111-09-06
【工廠火災】【6日02:10新北市蘆洲區仁愛街某工廠火災，已撲滅，1人輕傷送醫】結報,111-09-06
【吊車火災】【6日06:56臺南市七股區六孔碼頭某吊車觸電火災，已撲滅，3焦屍】結報,111-09-06
【工廠火災】【6日04:34彰化縣秀水鄉番花路某工廠火災，已撲滅，無傷亡】,111-09-07
​【地震】【9月7日12:50宜蘭縣政府東北東方19.3公里(臺灣東部海域)發生芮氏規模4.1地震，無災情】,111-09-07
​【住宅火災】【7日16:36臺中市北區德化街1住宅火災，已撲滅，1男死亡】,111-09-07
【工地火災】【8日09:49臺北市北投區中央南路一段某工地地下室火災，已撲滅，1人輕傷送醫】,111-09-08
​【地震】【9月8日14:35於宜蘭縣政府南方38公里(宜蘭縣近海)發生芮氏規模3.1地震，無災情】,111-09-08
​【渡假山莊火災】【8日高雄市六龜區新發里渡假山莊火災，已撲滅，無傷亡】,111-09-08
【宮廟火災】【8日苗栗縣頭份市蘆竹里某宮廟火災，已撲滅，無傷亡】,111-09-08
【燒烤店氣爆】【8日19:52新北市新莊區中正路某燒烤店氣爆，消防到場已無火煙，4人輕傷送醫】,111-09-08
​【住宅火災】【9日新北市石門區大溪墘某住宅火災，已撲滅，無傷亡】,111-09-09
​【住宅火災】【9日桃園市中壢區住宅火災，已撲滅，救出7人，其中3人無生命徵象送醫】,111-09-09
​【商店火災】【10日高雄市鳳山區電池批發商火災，已撲滅，救出3人送醫】,111-09-10
【山林火災】【9日連江縣南竿鄉復興村環資局前廢棄物及山林火災，現場已無明火，無傷亡】,111-09-10
​【住宅火災】【10日嘉義縣竹崎鄉灣橋村村李厝某住宅火災，已撲滅，無傷亡】,111-09-11
​【倉庫火災】【10日花蓮縣吉安鄉建國路2段某倉庫火災，已撲滅，無傷亡】,111-09-11
​【住宅火災】【10日臺東縣臺東市志航路二段住宅火災，已撲滅，無傷亡】,111-09-11
​【倉庫火災】【10日雲林縣虎尾鎮光明路倉庫火災，已撲滅，無傷亡】,111-09-11
​【工寮火災】【11日南投縣中寮鄉永樂路某工寮火災，已撲滅，無傷亡】,111-09-11
【住宅火災】【金門縣金城鎮富康一村某住宅火災，已撲滅，無傷亡】,111-09-11
【住宅火災】【11日臺南市永康區富國一路住宅火災，已撲滅，3焦屍未送醫】,111-09-11
【工廠火災】【12日新北市五股區民義路二段工廠火災，已撲滅，無傷亡】,111-09-12
【消防快訊-13日15:55宜蘭縣宜蘭市黎明二路新果菜市場2攤位火災，已撲滅，無傷亡】,111-09-13
【工廠火災】【14日04:39桃園市楊梅區新榮路1紡織工廠火災，已撲滅，無傷亡】結報,111-09-14
【地震】【14日09:35於臺東縣政府東南方40.3公里(臺灣東南部海域)發生芮氏規模5.3地震，無災情】,111-09-15
【地震】【15日07:16於宜蘭縣政府南方36.4公里(宜蘭縣南澳鄉)發生芮氏規模3.5地震，無災情】,111-09-16
【工廠火災】【15日05:33彰化縣員林市員草路某工廠火災，已撲滅，無傷亡】,111-09-16
【山域事故】【15日臺中市和平區「三叉營地」1男跌落邊坡，空勤直升機及本署特搜共勤成功吊掛大體後送】,111-09-16
【資源回收廠火災】【15日屏東縣新園鄉某資源回收廠火災，已撲滅，無傷亡】,111-09-16
【學校火災】【15日23:53桃園市龜山區銘傳大學餐廳火災，已撲滅，無傷亡】,111-09-16
【倉庫火災】【16日02:01臺中市西屯區臺灣大道四段16巷某倉庫火災，已撲滅，無傷亡】,111-09-16
【學校火災】【16日03:17新北市土城區「土城國小」火災，已撲滅，無傷亡】,111-09-16
【山域事故】【17日臺中市和平區「武陵農場」附近山區，林務局人員1男被蜂螫休克，空勤總隊直升機及本署特搜共勤成功吊掛送醫】,111-09-18
【地震】【17日21:41臺東縣政府北方35.8公里(臺東縣關山鎮)發生芮氏規模6.4地震，尚無災情】,111-09-18
【住宅火災】【17日22:09茄萣區仁愛路三段某住宅火災，已撲滅，救出2人(1重傷、1輕傷)送醫】,111-09-18
​【緊急救護】【18日10:31宜蘭縣蘇澳鎮「烏岩角」1女墜落礁岩無生命徵象，空勤總隊直升機及本署特搜共勤成功吊掛送醫】,111-09-19
【住宅火災】【18日16:01臺中市北區榮華街20巷某住宅火災，已撲滅，無傷亡】,111-09-19
【地震】【9月20日08:54臺東縣政府北北東方31.6公里(臺東縣東河鄉)發生芮氏規模3.8地震，目前無相關災情，持續聯繫掌握與續報】,111-09-20
【地震】【9月20日09:23臺東縣政府北北東方65.4公里(臺東縣長濱鄉)發生芮氏規模4.3地震，目前無相關災情，持續聯繫掌握與續報】,111-09-20
【地震】【9月20日14:39花蓮縣政府南南西方58.7公里(花蓮縣瑞穗鄉)發生芮氏規模3.9地震，目前無相關災情，持續聯繫掌握與續報】,111-09-20
【怪手火災】【20日13:58高雄市小港區永光街怪手火災，已撲滅，1外籍移工焦屍】結報,111-09-20
【工廠火災】【20日14:38台中市清水區三美路「台灣勰達股份有限公司」工廠火災，已撲滅，無傷亡】,111-09-20
【廢棄工廠火災】【20日20:03新北市林口區寶斗厝坑無市招廢棄工廠火災，已撲滅，無傷亡】,111-09-20
【消防快訊-機車縱火】,111-09-20
【地震】【21日01:30臺東縣政府北方42.5公里(臺東縣海端鄉)發生芮氏規模4.0地震，無災情】,111-09-21
【地震】【21日02:42臺東縣政府北北西方17.1公里(臺東縣卑南鄉)發生芮氏規模4.3地震，無災情】,111-09-21
【旅館火災】【21日03:32新北市板橋區明德街「Single Inn 單人房」旅館火災，已撲滅，3人送醫】結報,111-09-21
【住宅火災】【21日04:08臺中市南屯區中和巷住宅火災，已撲滅，無傷亡】結報,111-09-21
【地震】【9月22日09:04花蓮縣政府南南西方89.0公里(花蓮縣卓溪鄉)發生芮氏規模4.3地震，目前尚無災情，持續聯繫掌握與續報】,111-09-23
【地震】【9月22日22:15臺東縣政府北北東方25.4公里(臺東縣東河鄉)發生芮氏規模4.0地震，無災情】,111-09-23
【地震】【9月23日02:54臺東縣政府北北東方17.3公里(臺東縣東河鄉)發生芮氏規模4.5地震，目前尚無災情，持續聯繫掌握與續報】,111-09-23
【地震】【9月23日9:57臺東縣政府北北東方 17.7 公里(臺東縣東河鄉)發生芮氏規模3.9地震，目前無相關災情，持續聯繫掌握與續報】,111-09-24
【地震】【9月23日10:14花蓮縣政府南南西方64.7公里(花蓮縣瑞穗鄉)發生芮氏規模3.6地震，目前尚無災情，持續聯繫掌握與續報】,111-09-24
【工廠火災】【23日新北市新莊區工廠火災，已撲滅，無傷亡】,111-09-24
【地震】【9月23日23:59宜蘭縣政府東北東方14.5公里(宜蘭縣近海)發生芮氏規模4.0地震，目前尚無災情，持續聯繫掌握與續報】,111-09-24
【學校火災】【24日05:24臺中市沙鹿區「沙鹿高工」火災，已撲滅，無傷亡】,111-09-24
【24日05:24新北市蘆洲區三民路連棟工廠及倉庫火災，火勢撲滅，無傷亡】,111-09-24
【地震】【24日10:23高雄市政府東北方73.5公里(高雄市桃園區)發生芮氏規模3.8地震，目前尚無災情，持續聯繫掌握與續報】,111-09-25
【工廠火災】【24日11:16臺中市神岡區神岡路1廢棄工廠火災，已撲滅，無傷亡】,111-09-25
【地震】【24日15:32花蓮縣政府南南西方88.9公里(花蓮縣卓溪鄉)發生芮氏規模4.2地震，目前尚無災情，持續聯繫掌握與續報】,111-09-25
​【山域事故】【28日宜蘭縣大同鄉新雲稜山屋1女腹痛昏迷，空勤直升機及本署特搜共勤成功吊掛送醫】,111-09-29
​【廢棄工廠火災】【28日18:05雲林縣西螺鎮新興路某廢棄工廠火災，已撲滅，無傷亡】,111-09-29
​【地震】【9月28日19:19臺中市政府東北東方75.7公里(臺中市和平區)發生芮氏規模3.4地震，持續聯繫掌握與續報】,111-09-29
​【住宅火災】【28日19:45苗栗縣苗栗市文發路1住宅火災，已撲滅，無傷亡】,111-09-29
【住宅火災】【29日10:55臺東縣臺東市山西路二段住宅火災，火勢撲滅，無傷亡】,111-09-30
【住宅火災】【29日12:18臺北市中山區林森北路某住宅火災，已撲滅，無傷亡】,111-09-30
【住宅火災】【29日12:43臺北市文山區秀明路某住宅火災，已撲滅，無傷亡】,111-09-30
【地震】【9月30日2:33宜蘭縣政府南方 42.9 公里(宜蘭縣近海)發生芮氏規模3.7地震，持續聯繫掌握與續報】,111-09-30
【汽車火災】【30日國道1號南向188.6公里處1自小客車火災，已撲滅，車內1焦屍】,111-09-30
【地震】【9月30日4:21宜蘭縣政府南方 42.6 公里(宜蘭縣近海)發生芮氏規模3.8地震，持續聯繫掌握與續報】,111-09-30
【地震】【9月30日4:27宜蘭縣政府南方 42.4 公里(宜蘭縣近海)發生芮氏規模3.4地震，持續聯繫掌握與續報】,111-09-30
【遊艇火災】【1日17:13高雄港區「光榮碼頭」內1遊艇火災，已撲滅，無傷亡】,111-10-02
【住宅火災】【2日06:40嘉義縣布袋鎮貴舍里1住宅火災，已撲滅，1死】,111-10-02
【工廠火災】【2日04:08苗栗縣銅鑼鄉中興路「大揚科技股份有限公司-苗栗廠」火災，已撲滅，無傷亡】,111-10-02
【倉庫火災】【2日21:44新北市樹林區中正路倉庫火災，已撲滅，無傷亡】,111-10-03
【地震】【10月3日 06:30臺東縣政府北方 33.8 公里(臺東縣關山鎮)發生芮氏規模3.6地震，持續聯繫掌握與續報】,111-10-03
【地震】【10月3日04:25花蓮縣政府南南西方 58.2 公里(花蓮縣豐濱鄉)發生芮氏規模5.3地震，持續聯繫掌握與續報】,111-10-03
【地震】【10月3日10:12臺東縣政府南南西方37.8公里(臺灣東南部海域)發生芮氏規模3.6地震，持續聯繫掌握與續報】,111-10-04
【地震】【10月3日10:31臺東縣政府北方32.1公里(臺東縣池上鄉)發生芮氏規模3.4地震，持續聯繫掌握與續報】,111-10-04
【工廠火災】【3日10:21屏東縣屏東市歸仁路63巷1工廠火災，已撲滅，無傷亡,111-10-04
【住宅火災】【3日13:57嘉義縣大林鎮中林里某住宅火災，已撲滅，無傷亡】,111-10-04
【山域事故】【3日14:22臺東縣海端鄉嘉明湖避難山屋1女手部骨折，空勤直升機及本署特搜共勤成功吊掛送醫】,111-10-04
【雜草火災】【3日桃園市大園區雜草火災，已撲滅，1男死亡】,111-10-04
【地震】【10月3日22:01宜蘭縣政府南南東方34.6公里(宜蘭縣近海)發生芮氏規模3.1地震，持續聯繫掌握與續報】,111-10-04
【地震】【10月3日22:41花蓮縣政府南南西方64.3公里(花蓮縣卓溪鄉)發生芮氏規模3.5地震，持續聯繫掌握與續報】,111-10-04
【地震】【10月4日10:31臺東縣政府北北東方19.7公里(臺東縣東河鄉)發生芮氏規模3.5地震，持續聯繫掌握與續報】,111-10-04
【工廠火災】【4日05:21臺南市仁德區中正西路1011巷某工廠火災，已撲滅，無傷亡】,111-10-04
【船舶火災】【6日03:26澎湖縣馬公市第三漁港1漁船火災，已撲滅，無傷亡】,111-10-06
​【山域事故】【6日臺中市和平區南湖山屋1女滑倒扭傷，空勤直升機及本署特搜共勤成功吊掛送醫】,111-10-08
【地震】【10月7日13:13花蓮縣政府南南西方64.1公里(花蓮縣卓溪鄉)發生芮氏規模4.5地震，持續聯繫掌握與續報】,111-10-08
​【地震】【10月7日22:06花蓮縣政府南南西方68.4公里(花蓮縣卓溪鄉)發生芮氏規模4.5地震，持續聯繫掌握與續報】,111-10-08
​【倉庫火災】【7日21:26高雄市左營區舊城巷1倉庫火災，已撲滅，無傷亡】,111-10-08
【鐵皮屋火災】【9日15:56屏東縣滿州鄉海墘路某鐵皮屋火災，已撲滅，無傷亡】結報,111-10-10
【地震】【10日04:03花蓮縣政府南南西方89.4公里(花蓮縣卓溪鄉)發生芮氏規模4.3地震，持續聯繫掌握與續報】,111-10-10
【地震】【10日04:43宜蘭縣政府南方43.9公里(宜蘭縣近海)發生芮氏規模4.3地震，持續聯繫掌握與續報】,111-10-10
【山域事故】【9日臺東縣海端鄉「小關山」1男高山症，空勤直升機及本署特搜共勤成功吊掛後送】,111-10-11
【山域事故】【10日高雄市桃源區「拉庫音溪山屋」1男高山症，空勤直升機及本署特搜共勤成功搭載送醫】,111-10-11
【地震】【10日10:40宜蘭縣政府南方43.8公里(宜蘭縣近海)發生芮氏規模3.5地震，持續聯繫掌握與續報】,111-10-11
【地震】【10日11:37臺東縣政府東北方22.5公里(臺東縣近海)發生芮氏規模4.4地震，持續聯繫掌握與續報】,111-10-11
【地震】【10日12:44臺東縣政府北北東方24.0公里(臺東縣東河鄉)發生芮氏規模3.7地震，持續聯繫掌握與續報】,111-10-11
【地震】【10日14:08臺東縣政府東北方22.5公里(臺東縣近海)發生芮氏規模3.5地震，持續聯繫掌握與續報】,111-10-11
【消防快訊-陸上交通事故】,111-10-11
【地震】【10日20:17花蓮縣政府南南西方43.6公里(花蓮縣近海)發生芮氏規模5.3地震，持續聯繫掌握與續報】,111-10-11
【住宅火災】【10日20:23花蓮縣吉安鄉民治路1住宅火災，已撲滅，無傷亡】,111-10-11
【住宅火災】【10日22:45苗栗縣卓蘭鎮豐田里1住宅火災，已撲滅，無傷亡】,111-10-11
【消防快訊-瓦斯外洩】,111-10-11
【地震】【11日03:24花蓮縣政府東方59.3公里(臺灣東部海域)發生芮氏規模5.9地震，持續聯繫掌握與續報】,111-10-11
【地震】【11日16:11臺東縣政府西北西方10.1公里發生芮氏規模3.6地震，持續聯繫掌握與續報】,111-10-11
【工廠火災】【11日06:38臺南市新市區某鐵皮屋火災，已撲滅，無傷亡】結報,111-10-11
【雜草火災】【11日11:43金門縣金寧鄉榜林村下后垵雜草火災，火勢撲滅，無傷亡】,111-10-11
【住宅火災】【11日10:12新北市蘆洲區民族路某住宅火災，已撲滅，1女受傷送醫】,111-10-11
​【山域事故】【10日08:51臺東縣海端鄉嘉明湖1男腳踝扭傷案，空勤直升機及本署特搜共勤成功吊掛送醫】,111-10-11
【山域事故】【11日11:28花蓮縣卓溪鄉新康山1女腳踝扭傷案，空勤直升機及本署特搜共勤成功吊掛送醫】,111-10-11
【地震】【11日16:11臺東縣政府西北西方10.1公里發生芮氏規模3.6地震，持續聯繫掌握與續報】,111-10-12
【住宅火災】【11日15:55臺中市清水區神清路某住宅火災，已撲滅，1男死亡】,111-10-12
【鐵皮屋火災】【11日20:37桃園市中壢區興和里某連棟鐵皮屋火災，已撲滅，無傷亡】,111-10-12
【鐵皮車庫火災】【11日22:25桃園市八德區忠勇街某連棟鐵皮車庫火災，已撲滅，無傷亡】,111-10-12
​【瓦斯氣爆】【12日06:08新竹市北區東大路三段便當店瓦斯氣爆火災，已撲滅，1輕傷送醫】,111-10-13
​【工廠火災】【12日臺中市霧峰區六股路「睿云食品有限公司」工廠火災，已撲滅，無傷亡】,111-10-13
​【倉庫火災】【12日新竹縣竹北市西濱路二段「瑞高物流有限公司」倉庫火災，已撲滅，無傷亡】,111-10-13
​【學校火災】【12日新竹市東區「陽明交通大學光復校區」工程六館頂樓火災，已撲滅，無傷亡】,111-10-13
​【汽車火災】【13日臺中市神岡區三民南路1自小客車火災，已撲滅，車內1焦屍】,111-10-13
​【工廠火災】【12日高雄市鼓山區工廠火災，已撲滅，無傷亡】,111-10-13
​【住宅火災】【13日桃園市龜山區復興一路1住宅火災，已撲滅，6人輕重傷、1人無生命徵象送醫】,111-10-13
【冰果室火災】【14日22:00花蓮縣新城鄉博愛路「佳興冰果室」火災，已撲滅，1男輕傷、意識清楚送醫】,111-10-15
【工廠火災】【臺中市大里區中興路二段日新巷某住宅火災，已撲滅，無傷亡】,111-10-15
【住宅火災】【臺北市士林區大南路某住宅火災，已撲滅，1男無生命徵象送醫】,111-10-15
工廠火災】【15日新北市蘆洲區仁愛街212巷「衍明交通工程」工廠火災，已撲滅，無傷亡】,111-10-15
​【地震】【17日01:24臺東縣政府北北東方67.0公里發生芮氏規模4.0地震，持續聯繫掌握與續報】,111-10-17
​【住宅火災】【17日新北市新莊區中正路1住宅火災，已撲滅，救出3人(其中1人無生命徵象)送醫】,111-10-17
​【山域事故】【16日20:46南投縣仁愛鄉萬大北溪溫泉2人因溪水暴漲無法過溪，空勤直升機及本署特搜共勤成功吊掛救援】,111-10-17
【地震】【17日16:24高雄市政府東北方 83.0 公里發生芮氏規模3.6地震，持續聯繫掌握與續報】,111-10-17
【地震】【17日16:41高雄市政府東北方84.3公里發生芮氏規模3.8地震，持續聯繫掌握與續報】,111-10-17
【工廠火災】【18日02:46桃園市中壢區環保路「誼鼎科技股份有限公司」工廠火災，已撲滅，無傷亡】,111-10-18
【地震】【19日20:53高雄市政府東北方84.7公里發生芮氏規模3.8地震，持續聯繫掌握與續報】,111-10-20
【消防快訊-19日13:32高雄市路竹區中山路瓦斯外洩，已止漏，無傷亡】,111-10-20
【倉庫火災】【20日15:28新竹市東區金城一路某1層連棟鐵皮倉庫火災，已撲滅，無傷亡】,111-10-21
【工廠火災】【20日屏東縣萬丹鄉大昌路「想博國際股份有限公司」工廠火災，已撲滅，無傷亡】,111-10-21
【山域事故】【19日16:46屏東縣泰武鄉「北大武山」3.2公里處1男右腳踝扭傷無法行走，空勤直升機及本署特搜共勤成功吊掛救援】,111-10-21
【工寮火災】【21日南投縣埔里鎮鯉魚路某工寮火災，已撲滅，無傷亡】,111-10-22
【消防快訊-15:44新北市三峽區大同路某集合住宅氣爆，目前4人受傷】,111-10-24
【一氧化碳中毒】【23日臺中市大甲區某住宅6人一氧化碳中毒，均意識清楚送醫】,111-10-24
【住宅火災】【24日01:23屏東縣屏東市徐州路某住宅火災，已撲滅，無傷亡】結報,111-10-24
​【消防快訊-汽車火災】,111-10-24
​【山域事故】【24日07:21高雄市桃源區「卑南主山」北峰步道上1男摔傷手骨折、大腿腫脹無法行走，空勤直升機及本署特搜共勤成功吊掛救援】,111-10-26
​【地震】【25日09:51花蓮縣政府西南西方48.4公里發生芮氏規模3.5地震，持續聯繫掌握與續報】,111-10-26
【地震】【25日13:47新北市政府東北方35.1公里發生芮氏規模3.2地震，持續聯繫掌握與續報】,111-10-26
​【倉庫火災】【25日20:01金門縣金城鎮賢庵里1倉庫火災，已撲滅，無傷亡】,111-10-26
​【工廠火災】【25日20:39新北市板橋區大觀路1段38巷1洗衣工廠火災，已撲滅，無傷亡】,111-10-26
​【住宅火災】【26日01:26屏東縣滿州鄉山頂路1住宅火災，已撲滅，無傷亡】,111-10-26
​【住宅火災】【26日02:34雲林縣四湖鄉新市街1住宅火災，已撲滅，救出2人，其中1男無生命徵象送醫】,111-10-26
【學校火災】【26日12:26桃園市桃園區「國立臺北科技大學附屬桃園農工高級中等學校」歷史宿舍火災，火勢撲滅，無傷亡】,111-10-26
【住宅火災】【26日12:23桃園市大溪區「薑母島」住宅火災，火勢撲滅，無傷亡,111-10-26
【地震】【10月28日23:30宜蘭縣政府東南東方30.4公里(臺灣東部海域)發生芮氏規模5.1地震，持續聯繫掌握與續報】,111-10-29
【地震】【10月31日04:27宜蘭縣政府南方37.4公里(宜蘭縣近海)發生芮氏規模3.3地震，持續聯繫掌握與續報】,111-10-31
【地震】【11月1日10:02花蓮縣政府南南西方88.6公里(花蓮縣卓溪鄉)發生芮氏規模4.1地震，持續聯繫掌握與續報】,111-11-02
【地震】【1日13:43臺東縣政府北北東方71.5公里發生芮氏規模4.4地震，持續聯繫掌握與續報】,111-11-02
【地震】【11月1日16:30宜蘭縣政府東方78.4 公里(臺灣東部海域)發生芮氏規模5.7地震，持續聯繫掌握與續報】,111-11-02
【廢棄空屋火災】【1日嘉義縣水上鄉市政街廢棄空屋火災，已撲滅，無傷亡】,111-11-02
【果菜市場火災】【2日06:40臺南市安南區「「安南果菜市場」廁所火災，已撲滅，無傷亡】,111-11-02
​【山域事故】【10月29日07:42高雄市桃源區塔芬谷山屋1男高山症請求救援，11月3日空勤直升機及本署特搜共勤成功落地搭載救援】,111-11-03
​【地震】【11月3日09:29臺東縣政府北北東方18.9公里(臺東縣東河鄉)發生芮氏規模3.5地震，持續聯繫掌握與續報】,111-11-03
​【山域事故】【10月29日07:54南投縣仁愛鄉「三叉營地」1男大體，11月3日空勤直升機及本署特搜共勤成功吊掛後送】,111-11-03
​【地震】【11月3日13:43臺東縣政府北北東方17.4公里(臺東縣東河鄉)發生芮氏規模3.7地震，持續聯繫掌握與續報】,111-11-03
【住宅火災】【3日14:39高雄市楠梓區德民路1住宅火災，已撲滅，救出2人送醫】,111-11-03
​【車站火災】【4日04:13臺北市中正區「台灣高鐵臺北站」火災，已撲滅，無傷亡】,111-11-04
【地震】【4日15:29花蓮縣政府西南西方 48.7 公里 (花蓮縣萬榮鄉)發生芮氏規模4.1地震，持續聯繫掌握與續報】,111-11-04
【山域事故】【11月4日15:42花蓮縣萬榮鄉萬里池營地1男右食指割傷深度見骨，5日空勤直升機及本署特搜共勤成功吊掛後送】,111-11-06
【資源回收廠火災】【5日10:59新北市樹林區育德街樹林清潔隊資源回收廠火災，已撲滅，無傷亡】,111-11-06
【地震】【5日13:27花蓮縣政府南南西方 28.5公里 (花蓮縣豐濱鄉)發生芮氏規模3.5地震，持續聯繫掌握與續報】,111-11-06
【地震】【5日22:40宜蘭縣政府南方 40.7公里 (宜蘭縣近海)發生芮氏規模3.5地震，持續聯繫掌握與續報】,111-11-06
【地震】【11月5日22:42嘉義縣政府東方33.2公里(嘉義縣番路鄉)發生芮氏規模4.0地震，持續聯繫掌握與續報】,111-11-06
【汽車保養廠火災】【8日高雄市鳥松區球場路「襄理汽車保養廠」火災，已撲滅，無傷亡】,111-11-08
​【工廠火災】【8日彰化縣溪州鄉胡厝路「堅達橡膠行」火災，已撲滅，無傷亡】,111-11-09
​【工廠火災】【8日臺南市安南區安和路二段「晉靉實業有限公司」火災，已撲滅，無傷亡】,111-11-09
​【廢棄車輛回收廠火災】【8日新北市八里區長道坑「順昌環保公司」廢棄車輛回收廠火災，已撲滅，無傷亡】,111-11-09
​【地震】【11月9日04:40臺東縣政府東北方16.1公里(臺東縣近海)發生芮氏規模3.7地震，持續聯繫掌握與續報】,111-11-09
【山域事故】【9日花蓮縣秀林鄉「能高山南峰」1女摔傷右手骨折，10日空勤直升機及消防署特搜人員成功吊掛後送醫】,111-11-10
【回收場火災】【10日10:17屏東縣長治鄉廢棄物回收場火災，已撲滅，無傷亡】,111-11-11
【陸上交通事故】【10日南投縣國姓鄉國道六號東行18.7公里處1大客車(全航客運)及1自小車車禍，16人受傷送醫，目前單線通車】,111-11-11
【垃圾場火災】【10日18:21臺南市學甲區「學甲垃圾衛生掩埋場」火災，已撲滅，無傷亡】,111-11-11
【廢棄物火災】【11日苗栗縣苗栗市宜春路廢棄物火災，已撲滅，無傷亡】,111-11-12
​【山域事故】【12日南投縣信義鄉「馬利亞文路山」1男腹痛吐血無法行走，空勤直升機及消防署特搜人員成功吊掛後送醫】,111-11-12
【住宅火災】【12日桃園市龜山區萬壽路一段住宅火災，已撲滅，2人送醫】,111-11-12
​【工廠火災】【12日嘉義縣義竹鄉義竹村1工廠火災，已撲滅，無傷亡】,111-11-12
【地震】【11月13日09:47臺東縣政府南南西方38.7公里(臺東縣近海)發生芮氏規模5.3地震，持續聯繫掌握與續報】,111-11-13
【工寮火災】【13日11:15臺東縣延平鄉昇平路工寮火災，已撲滅，1男輕傷送醫】,111-11-13
【三合院火災】【13日12:26嘉義縣中埔鄉隆興村某三合院火災，已撲滅，無傷亡】,111-11-13
【地震】【11月13日13:19臺東縣政府北北東方21.1公里(臺東縣東河鄉)發生芮氏規模3.5地震，持續聯繫掌握與續報】,111-11-13
【工廠火災】【13日12:03彰化縣芬園鄉義興路「建邦瑩企業社」工廠火災，已撲滅，1男輕傷送醫】,111-11-13
【山域事故】【13日06:51南投縣仁愛鄉「奇萊主北峰」1女高山症發作無法行走，空勤直升機及本署特搜人員成功吊掛救援】,111-11-13
【山域事故】【13日10:37新北市烏來區「哈盆古道」1男跌落邊坡，頭部外傷、右腳骨折，空勤直升機及本署特搜人員成功吊掛救援】,111-11-13
【地震】【11月13日22:09臺東縣政府南南西方35.5公里(臺東縣近海)發生芮氏規模4.5地震，持續聯繫掌握與續報】,111-11-13
【便當店火災】【13日22:54臺北市文山區景文街「興記燒臘」便當店火災，已撲滅，無傷亡】,111-11-14
【地震】【11月13日09:47臺東縣政府南南西方38.7公里(臺東縣近海)發生芮氏規模5.3地震，持續聯繫掌握與續報】,111-11-14
【工寮火災】【13日11:15臺東縣延平鄉昇平路工寮火災，火勢已控制，1男輕傷送醫】,111-11-14
【地震】【11月13日13:19臺東縣政府北北東方21.1公里(臺東縣東河鄉)發生芮氏規模3.5地震，持續聯繫掌握與續報,111-11-14
【工廠火災】【13日12:03彰化縣芬園鄉義興路「建邦瑩企業社」工廠火災，已撲滅，1男輕傷送醫】結報,111-11-14
【山域事故】【13日06:51南投縣仁愛鄉「奇萊主北峰」1女高山症發作無法行走，空勤直升機及本署特搜人員成功吊掛救援】,111-11-14
【山域事故】【13日10:37新北市烏來區「哈盆古道」1男跌落邊坡，頭部外傷、右腳骨折，空勤直升機及本署特搜人員成功吊掛救援】,111-11-14
【地震】【11月13日22:09臺東縣政府南南西方35.5公里(臺東縣近海)發生芮氏規模4.5地震，持續聯繫掌握與續報】,111-11-14
【便當店火災】【13日22:54臺北市文山區景文街「興記燒臘」便當店火災，已撲滅，無傷亡】結報,111-11-14
​【住宅火災】【14日06:56嘉義縣東石鄉東崙村某住宅火災，已撲滅，無傷亡】,111-11-14
​【山域事故】【14日05:09臺中市和平區南湖大山「南湖山屋」1男高山症肺水腫，空勤直升機及本署特搜人員成功搭載救援】,111-11-14
【山域事故】【14日08:12高雄市桃源區雲峰三角點1男跌倒膝蓋受傷，空勤直升機及本署特搜人員成功搭載救援】,111-11-15
【地震】【11月16日09:09臺東縣政府北方34.7公里(臺東縣海端鄉)發生芮氏規模4.5地震，持續聯繫掌握與續報】,111-11-16
【粉塵爆炸】【09:05彰化縣福興鄉福工路「利慶工業公司」疑似粉塵爆炸，到場時無火煙，3人燒燙傷送醫】,111-11-16
​【學校火災】【15:05新北市泰山區「泰山高中」校門口電視牆火災，已撲滅，無傷亡】,111-11-16
【地震】【18:40宜蘭縣政府南方36.4公里(宜蘭縣近海)發生芮氏規模3.2地震，持續聯繫掌握與續報】  ,111-11-16
【地震】【11月16日23:08臺東縣政府西南方62.8公里(臺東縣達仁鄉)發生芮氏規模4.5地震，持續聯繫掌握與續報】,111-11-16
【地震】【11月16日23:07臺東縣政府南南西方38.4公里(臺灣東南部海域)發生芮氏規模4.8地震，持續聯繫掌握與續報】,111-11-17
【山域事故】【19日南投縣信義鄉「八通關草原」1男摔落邊坡、多處擦挫傷、無法行走、意識清楚，空勤直升機及本署特搜共勤落地搭載傷者送醫】,111-11-19
【地震】【11月19日00:37花蓮縣政府西南方25.9公里(花蓮縣秀林鄉)發生芮氏規模3.7地震，持續聯繫掌握與續報】,111-11-20
【住宅火災】【19日桃園市蘆竹區1住宅火災，已撲滅，1人無生命徵象送醫】,111-11-20
​【地震】【11月20日09:49宜蘭縣政府東南東方22.4公里(臺灣東部海域)發生芮氏規模地震，持續聯繫掌握與續報】,111-11-21
【廢棄市場火災】【21日12:52新北市新店區建國路廢棄市場火災，已撲滅，無傷亡】,111-11-22
【工廠火災】【21日22:04苗栗縣通霄鎮中山路電動車工廠火災，已撲滅，無傷亡】,111-11-22
【工廠火災】【22日04:13桃園市中壢區聖德路一段551巷堆高機工廠火災，已撲滅，無傷亡】,111-11-22
【住宅火災】【22日08:55屏東縣屏東市潭墘里住宅火災，已撲滅，無傷亡】結報,111-11-23
【山域事故】【22日08:46花蓮縣秀林鄉「磐石中峰營地」1男跌落邊坡、腳踝嚴重扭傷、無法行走，空勤直升機成功搭載救援】,111-11-23
【地震】【11月23日05:55花蓮縣政府南南西方64公里(花蓮縣瑞穗鄉)發生芮氏規模3.5地震，目前尚無災情，持續聯繫掌握與續報】,111-11-23
【地震】【11月23日14:41臺東縣政府南南西方41.4公里(臺灣東南部海域)發生芮氏規模4.0地震，目前尚無災情，持續聯繫掌握與續報】,111-11-24
【住宅火災】【25日01:54花蓮縣壽豐鄉光榮四街1住宅火災，已撲滅，4人送醫】,111-11-25
​【家具工廠火災】【25日11:34高雄市仁武區澄觀路二段某家具工廠火災，已撲滅，無傷亡】結報,111-11-25
【山域事故】【26日花蓮縣秀林鄉「能高縱走」1男高山協作右腳膝蓋疑似骨折、無法行走、意識清楚，空勤直升機及本署特搜人員成功吊掛送醫】,111-11-27
【住宅火災】【26日20:53臺中市南屯區干城街住宅火災，已撲滅，無傷亡】,111-11-27
【住宅火災】【28日11:46花蓮縣花蓮市中順街某住宅火災，已撲滅，1男焦屍】,111-11-28
【地震】【11月28日15:35花蓮縣政府南南西方103.4公里(花蓮縣富里鄉)發生芮氏規模3.5地震，持續聯繫掌握與續報】,111-11-28
【發電廠火災】【29日07:13臺中火力發電廠輸送帶火災，已撲滅，無傷亡,111-11-29
【船舶火災】【29日06:34澎湖縣馬公市第三漁港1漁船火災，已撲滅，無傷亡】,111-11-29
【倉庫火災】【29日09:37臺東縣鹿野鄉廣興路農用倉庫火災，已撲滅，無傷亡】,111-11-30
【山域事故】【29日花蓮縣卓溪鄉內嶺爾山「三叉營地」1男(70歲)高山症，空勤直升機及本署特搜人員成功吊掛送醫】,111-11-30
【山域事故】【29日宜蘭縣大同鄉太平山「山毛櫸步道」1男(60歲)昏迷後無生命徵象，空勤直升機及本署特搜人員成功吊掛送醫】,111-11-30
【汽車修理廠火災】【30日00:57雲林縣水林鄉尖山村頂尖山汽車修理廠火災，已撲滅，2輕傷送醫】,111-11-30
【工廠火災】【30日03:57彰化縣芳苑鄉工區路工廠火災，已撲滅，無傷亡】,111-11-30
【商店火災】【4日15:21臺北市松山區延吉街某油漆行火災，已撲滅，無傷亡】,111-12-04
【住宅火災】【7日高雄市前鎮區崗山中街某住宅火災，已撲滅，1女嗆傷、意識不清送醫後宣告死亡】,111-12-07
【地震】【12月7日09:58臺東縣政府東北方 26.1 公里(臺東縣近海)發生芮氏規模3.6地震，持續聯繫掌握與續報】,111-12-07
​【農地火災】【12:31臺中市豐原區國豐路二段519巷某農地火災，已撲滅，1男死亡】,111-12-07
【地震】【12月7日20:03花蓮縣政府西南方 49.8 公里(花蓮縣萬榮鄉)發生芮氏規模3.5地震，持續聯繫掌握與續報】,111-12-08
【地震】【8日00:54花蓮縣政府南方21.6公里(花蓮縣近海)發生芮氏規模5.6地震，持續聯繫掌握與續報】,111-12-08
​【山域事故】【9日花蓮縣卓溪鄉馬博拉斯山1女扭傷無法行走，空勤直升機及本署特搜人員成功吊掛送醫】,111-12-10
【瓦斯氣爆】【9日新北市汐止區環河街122巷1住宅火災，已撲滅，2消防人員輕傷送醫，1男房客死亡】,111-12-10
​【地震】【12月10日04:14臺東縣政府北方 42.6 公里(臺東縣海端鄉)發生芮氏規模4.0地震，持續聯繫掌握與續報】,111-12-10
【住宅火災】【10日11:30南投縣南投市漳興巷住宅火災，已撲滅，無傷亡】,111-12-10
【警察局火災】【10日17:09新北市瑞芳區明燈路三段「瑞芳分局」火災，已撲滅，無傷亡】,111-12-10
【地震】【12月10日22:58花蓮縣政府西北方 13.4 公里(花蓮縣秀林鄉)發生芮氏規模3.8地震，持續聯繫掌握與續報】,111-12-10
【住宅火災】【18:14新竹縣竹北市中華路某住宅火災，已撲滅，1男無生命徵象】,111-12-12
【工廠火災】【13日嘉義縣民雄鄉建國路3段「協榮傢俱」工廠火災，已撲滅，無傷亡】,111-12-13
【地震】【14日00:56花蓮縣政府西南方29.4公里(花蓮縣萬榮鄉)發生芮氏規模4.3地震，持續聯繫掌握與續報】,111-12-14
​【住宅火災】【15日雲林縣莿桐鄉四合村1住宅火災，已撲滅，無傷亡】,111-12-16
​【地震】【12月15日12:03花蓮縣政府東南方29.1公里(臺灣東部海域)發生芮氏規模6.2地震，持續聯繫掌握與續報】,111-12-16
​【住宅火災】【15日桃園市桃園區延平路1住宅火災，已撲滅，平安救出4人，另有1人無生命徵象送醫】,111-12-16
​【學校火災】【15日桃園市楊梅區「桃園市立楊光國民中小學」教室火災，已撲滅，無傷亡】,111-12-16
​【住宅火災】【15日高雄市新興區林森一路1住宅火災，已撲滅，無傷亡】,111-12-16
【山域事故】【13日14:45南投縣仁愛鄉「能高安東軍縱走」1男疑似高山症、無法行走，空勤直升機及本署特搜共勤成功吊掛救援】,111-12-17
【地震】【16日14:57花蓮縣政府西南方48.5公里 (花蓮縣萬榮鄉)發生芮氏規模3.7地震，持續聯繫掌握與續報】,111-12-17
【學校火災】【17日08:54桃園市桃園區「敦品中學」機車修復教室火災，已撲滅，無傷亡】,111-12-18
【工廠火災】【17日21:05彰化縣花壇鄉長昇街某工廠火災，已撲滅，無傷亡】,111-12-18
【工廠火災】【18日01:07新竹縣竹北市溪州路358巷某工廠火災，已撲滅，無傷亡】,111-12-18
【山域事故】【17日15:51南投縣仁愛鄉「白姑大山」1女左腳韌帶疑似斷裂、無法行走，空勤直升機及本署特搜共勤成功吊掛救援】,111-12-19
【山域事故】【18日11:10花蓮縣秀林鄉能高安東軍「台灣池」1男失溫及右腳受傷，空勤直升機及本署特搜共勤成功吊掛救援】,111-12-19
【工廠火災】【19日15:21屏東縣枋寮鄉永翔路「慶泓冷凍食品實業股份有限公司」工廠火災，已撲滅，1男OHCA】,111-12-20
【住宅火災】【22日05:14彰化縣溪湖鎮大溪路2段425巷1住宅火災，已撲滅，救出4人送醫檢查】,111-12-22
【蘭花園火災】【22日00:26臺南市新營區東山三路蘭花園植栽火災，已撲滅，無傷亡】,111-12-22
【雞舍火災】【21日17:23雲林縣北港鎮府番里某廢棄雞舍火災，已撲滅，無傷亡】,111-12-22
【工寮火災】【09:13雲林縣褒忠鄉158線往東勢鄉交界處某工寮火災，已撲滅，無傷亡】,111-12-22
​【工廠火災】【12:52彰化縣和美鎮北連路13巷某工廠火災，已撲滅，無傷亡】結報,111-12-22
【地震】【22日12:36臺東縣政府南南西方28.8公里(臺東縣近海)發生芮氏規模5.2地震，持續聯繫掌握與續報】,111-12-22
【雜草火災】【22日16:17臺中市龍井區中沙路南寮巷南寮步道山區雜草火災，火勢撲滅，無傷亡】,111-12-22
【地震】【23日04:37花蓮縣政府西南方52.5公里 (花蓮縣萬榮鄉)發生芮氏規模3.8地震，持續聯繫掌握與續報】,111-12-23
【住宅火災】【06:15桃園市八德區介壽路二段472巷某住宅火災，已撲滅，1女明顯死亡、1男重傷】,111-12-23
​【住宅火災】【24日雲林縣水林鄉松西村1住宅火災，已撲滅，無傷亡】,111-12-25
​【住宅火災】【24日臺北市中山區中原街1住宅火災，已撲滅，1無生命徵象送醫】,111-12-25
​【垃圾掩埋場火災】【24日雲林縣虎尾鎮垃圾掩埋場火災，已撲滅，無傷亡】,111-12-25
​【雜草火災】【24日臺中市龍井區竹坑南寮步道雜草火災，已撲滅，無傷亡】,111-12-25
​【住宅火災】【25日嘉義市東區1住宅火災，已撲滅，1女無生命徵象送醫】,111-12-25
【一氧化碳中毒】【25日南投縣仁愛鄉奧萬大水庫露營區3人一氧化碳中毒送醫】,111-12-25
【住宅火災】【20日11:52彰化縣鹿港鎮中山路某1住宅火災，延燒相鄰2戶，已撲滅，無傷亡】,111-12-25
【汽修廠火災】【25日19:06新北市八里區下罟子「永成拖吊車庫」汽修廠火災，已撲滅，1消防人員臉部及手部灼傷】,111-12-25
【貨櫃倉庫火災】【25日20:34花蓮縣秀林鄉和工二路「和平電廠」貨櫃倉庫火災，已撲滅，無傷亡】,111-12-25
【住宅火災】【26日02:53桃園市中壢區華勛街某住宅火災，已撲滅，3人輕傷送醫】,111-12-26
​【山域事故】【27日06:12臺東縣海端鄉嘉明湖山屋1男骨折，空勤直升機及本署特搜共勤成功吊掛救援】,111-12-28
​【住宅火災】【27日14:26雲林縣元長鄉子茂村1住宅火災，已撲滅，無傷亡】,111-12-28
​【商店火災】【27日14:47臺中市太平區樹孝路「超吉雞腿王」便當店火災，已撲滅，1男受傷送醫】,111-12-28
​【一氧化碳中毒】【27日花蓮縣吉安鄉中華路二段某住宅5人一氧化碳中毒送醫】,111-12-28
【傢俱行火災】【14:52苗栗縣通霄鎮通灣里「唯峰傢俱有限公司」傢俱行火災，已撲滅，無傷亡】結報,111-12-29
【地震】【12月29日09:17高雄市政府東北方82.3公里(高雄市桃源區)發生芮氏規模3.5地震，持續聯繫掌握與續報】,111-12-30
【工廠火災】【19:36臺中市豐原區東洲路186巷29-3號某工廠火災，已撲滅，救出5人(4無生命徵象、1燒燙傷)送醫】,111-12-30
【一氧化碳中毒】【29日南投縣仁愛鄉定遠新村2人一氧化碳中毒送醫】,111-12-30
【倉庫火災】【29日21:35嘉義縣六腳鄉灣北村1倉庫火災，已撲滅，無傷亡】,111-12-30
【學校火災】【30日01:17臺北市文山區再興中學化學教室火災，已撲滅，無傷亡】,111-12-30
【地震】【12月30日02:22南投縣政府北北東方2.6公里(南投縣南投市)發生芮氏規模3.5地震，持續聯繫掌握與續報】,111-12-30
【工廠火災】【29日23:41臺南市仁德區義林十二街某印刷工廠火災，已撲滅，無傷亡】,111-12-30
【工廠火災】【30日03:38新竹縣新豐鄉福興村圓山子某堆肥工廠火災，已撲滅，無傷亡】結報,111-12-30
【山域事故】【29日10:05南投縣信義鄉卓社大山1男遭落石砸傷摔落邊坡OHCA，空勤直升機及本署特搜共勤成功吊掛救援】,111-12-30
【地震】【31日21:36花蓮縣政府南方27.7公里 (花蓮縣近海)發生芮氏規模4.3地震，持續聯繫掌握與續報】,111-12-31
​【工寮火災】【2日嘉義縣東石鄉掌潭村1工寮火災，已撲滅，無傷亡】,112-01-03
​【地震】【1月3日05:19花蓮縣政府南南西方24.1公里(花蓮縣壽豐鄉)發生芮氏規模4.2地震，持續聯繫掌握與續報】,112-01-03
​【住宅火災】【3日04:36高雄市前鎮區興旺路1住宅火災，已撲滅，1焦屍】,112-01-03
​【地震】【1月3日05:46臺南市政府東北方19.7公里(臺南市山上區)發生芮氏規模3.5地震，持續聯繫掌握與續報】,112-01-03
【山域事故】【111/12/31 20:47苗栗縣泰安鄉「雪山主峰翠池山屋」1女腳扭傷無法行走，空勤直升機及本署特搜共勤成功吊掛救援】,112-01-04
【山域事故】【111/12/31 16:13南投縣信義鄉「金子山三角點」1女左手骨折、右腳扭傷無法行走，空勤直升機及本署特搜共勤成功吊掛救援】,112-01-04
 【工廠火災】【桃園市平鎮區東隆街「良奕工業有限公司」工廠火災，已撲滅，無傷亡】結報,112-01-04
【住宅火災】【臺中市東區大振街某住宅火災，已撲滅，1男30%二度灼傷送醫】結報,112-01-04
【住宅火災】【花蓮縣玉里鎮城中三街某住宅2樓火災，已撲滅，無傷亡】,112-01-05
【工廠火災】【5日17:58新北市八里區長道坑1工廠火災，火勢撲滅，無傷亡，另疏散3人】結報,112-01-06
【住宅火災】【6日03:43臺中市大里區東南路1住宅火災，05:25火勢撲滅，5人無生命徵象送醫】結報,112-01-06
​【工廠火災】【6日07:03臺北市內湖區新明路1印刷工廠火災，已撲滅，無傷亡】,112-01-07
​【臨時屋火災】【13:49嘉義縣東石鄉塭仔村塭子路臨時屋火災，已撲滅，無傷亡】,112-01-07
【工廠火災】【6日23:58臺中市神岡區新興北路某木器工廠火災，已撲滅，無傷亡】,112-01-07
​【餐廳火災】【7日02:32臺東縣長濱鄉樟原村某餐廳火災，已撲滅，無傷亡】,112-01-07
​【住宅火災】【6日07:21高雄市三民區大昌一路1住宅火災，已撲滅，1焦屍】,112-01-07
【學校火災】【8日17:10高雄市林園區「林園高中」火災，已撲滅，無傷亡】,112-01-08
【地震】【1月9日01:13臺南市政府東北東方39.0公里(臺南市南化區)發生芮氏規模4.0地震，持續聯繫掌握與續報】,112-01-08
​【一氧化碳中毒】【9日桃園市中壢區英士三街某住宅3人一氧化碳中毒送醫】,112-01-09
【地震】【1月12日13:15屏東縣政府東北方 25.0 公里(屏東縣三地門鄉)發生芮氏規模4.4地震，持續聯繫掌握與續報】,112-01-13
【廢棄物火災】【12日16:27嘉義縣東石鄉塭港村廢棄物火災，火勢延燒「塭港國小」廚房外牆，已撲滅，無傷亡】,112-01-13
【工廠火災】【12日23:46屏東縣枋寮鄉精進路「健合實業」工廠火災，已撲滅，無傷亡】,112-01-13
【瓦斯氣爆】【12日23:48臺北市大同區大龍街瓦斯氣爆，已撲滅，1焦屍】,112-01-13
【倉庫火災】【12日22:30臺北市內湖區安泰街倉庫火災，已撲滅，無傷亡】,112-01-13
【工廠火災】【13日11:21新北市土城區慶祥街某五金加工廠火災，已撲滅，無傷亡】,112-01-13
【學校火災】【13日15:09臺南市西港區文化路「西港國中」童軍教室火災，已撲滅，無傷亡】,112-01-13
【倉庫火災】【14日00:03新北市三重區光復路2段「幸運草國際寢飾有限公司」倉庫火災，已撲滅，無傷亡】結報,112-01-14
【住宅火災】【13日19:47南投縣中寮鄉永昌街某住宅火災，已撲滅，無傷亡】,112-01-14
【商店火災】【14日03:39臺北市八德區4段「一勤佛具神桌」佛具商店火災，已撲滅，無傷亡】,112-01-14
【住宅火災】【14日06:59臺南市下營區開化里中營1住宅縱火，已撲滅，1女左胸穿刺傷送醫】,112-01-15
【地震】【14日14:02花蓮縣政府南南東方20.0公里(臺灣東部海域)發生芮氏規模3.8地震，持續聯繫掌握與續報】,112-01-15
​【住宅火災】【15日01:16臺東市中華路四段534巷某住宅火災，已撲滅，1焦屍】,112-01-15
​【住宅火災】【15日06:27臺北市大同區天水路1住宅火災，已撲滅，無傷亡】,112-01-15
【工廠火災】【15日12:46苗栗縣竹南鎮國泰路工廠火災，火勢已撲滅，無傷亡】,112-01-16
​【山域事故】【15日臺東縣海端鄉「嘉明湖避難山屋」1男身體不適，空勤直升機及本署特搜共勤成功吊掛救援】,112-01-16
【工廠火災】【16日11:53新北市瑞芳區傑魚坑路某工廠火災，已撲滅，5人預防性送醫】結報,112-01-17
【工廠火災】【17日02:00苗栗縣造橋鄉造橋村雙鵝山「明鴻回收廠」工廠火災，已撲滅，1男OHCA】結報,112-01-17
【工廠火災】【15日21:45桃園市觀音區大同一路18號「台光電子材料股份有限公司」工廠火災，已撲滅，無傷亡】結報,112-01-17
【山域事故】【18日臺中市和平區「巴巴山南峰」1女腹痛出血，無法行走，空勤直升機及本署特搜共勤成功吊掛救援】,112-01-18
【豬舍火災】【18日15:08雲林縣褒忠鄉有才村1興建中豬舍火災，已撲滅，無傷亡】,112-01-18
【倉庫火災】【臺南市永康區中正北路「稟鈞再生能源」倉庫火災，已撲滅，無傷亡】,112-01-18
【住宅火災】【臺中市北區三民路三段某住宅火災，已撲滅，無傷亡】,112-01-20
【空中緊急救護】【19日20:51南投縣信義鄉「玉山北峰」1男氣象局員工急病需緊急就醫，空勤直升機及本署特搜共勤成功救援】,112-01-20
【地震】【20日10:56花蓮縣政府西北西方11.6公里 (花蓮縣秀林鄉)發生芮氏規模4.3地震，持續聯繫掌握與續報】,112-01-20
【汽車火災】【21日臺中市南屯區國道1號181公里處1自小客火災，已撲滅，1焦屍】,112-01-20
【倉庫火災】【嘉義縣大林鎮三角里某倉庫火災，已撲滅，無傷亡】,112-01-21
【住宅火災】【臺中市大雅區永和路文雅巷某住宅火災，已撲滅，1男OHCA、3男送醫】,112-01-21
【倉庫火災】【屏東縣里港鄉玉田路某倉庫火災，已撲滅，無傷亡】,112-01-21
【遊覽車火災】【苗栗縣頭屋鄉國道1號北上128K遊覽車及自小客火災，5送醫2OHCA】,112-01-21
【汽修廠火災】【22日07:41彰化縣秀水鄉彰鹿路「阿羅騰汽車有限公司」汽修廠火災，火勢撲滅，無傷亡】,112-01-22
【山域事故】【21日15:18南投縣信義鄉「八通關古道小營地」1男右腳踝脫臼無法行走，空勤直升機及本署特搜共勤成功救援】,112-01-22
​【工寮火災】【25日花蓮縣卓溪鄉工寮火災，已撲滅，無傷亡】,112-01-25
​【倉庫火災】【25日07:11雲林縣口湖鄉倉庫火災，已撲滅，無傷亡】,112-01-25
​【山域事故】【25日06:37花蓮縣卓溪鄉「大水窟山屋」1女高山症，空勤直升機及本署特搜共勤成功救援】,112-01-26
​【養豬場火災】【26日07:16雲林縣麥寮鄉保安林1養豬場火災，已撲滅，無傷亡】,112-01-26
【住宅火災】【26日09:07高雄市鳳山區華興街某住宅火災，已撲滅，1男明顯死亡】,112-01-26
​【住宅火災】【26日09:29花蓮縣花蓮市中興路某住宅火災，已撲滅，無傷亡】,112-01-26
​【山域事故】【26日09:30臺東縣海端鄉南一段「海諾南山鞍部營地」1男高山症，空勤直升機及本署特搜共勤成功救援】,112-01-26
​【住宅火災】【26日17:05桃園市莊敬路二段某住宅火災，已撲滅，1女無生命徵象、1男輕傷送醫】,112-01-26
【鐵皮工廠火災】【26日15:03臺南市永康區中正二街162巷鐵皮工廠火災，已撲滅，無傷亡】,112-01-26
​【住宅火災】【26日17:05基隆市暖暖區暖暖街570巷某住宅火災，已撲滅，2人輕傷送醫】,112-01-26
【住宅火災】【26日19:53嘉義縣東石鄉海埔村某住宅火災，已撲滅，無傷亡】,112-01-26
【住宅火災】【26日19:40臺中市北區篤行路335巷某住宅火災，已撲滅，救出3人(其中1女無生命徵象送醫)】,112-01-26
【山域事故】【27日17:17及28日08:52花蓮縣秀林鄉能高安山1女及1男身體不適，空勤直升機及本署特搜共勤成功救援】,112-01-29
【學校火災】【28日13:30臺南市東區裕文路60號「復興國小」水塔火災，已撲滅，無傷亡】,112-01-29
【工廠火災】【28日11:39新北市五股區工商路汽修廠火災，已撲滅，2傷】,112-01-29
【住宅火災】【20:58桃園市中壢區西園路住宅火災，已撲滅，無傷亡】,112-01-29
【工廠火災】【28日21:34雲林縣西螺鎮「勝昌食品」工廠火災，已撲滅，無傷亡】,112-01-29
【工廠火災】【29日01:06新北市泰山區楓江路1汽車修護廠火災，已撲滅，無傷亡】,112-01-29
【一氧化碳中毒】【29日00:20臺中市豐原區中正路695巷某住戶4人一氧化碳中毒送醫】,112-01-29
【住宅火災】【29日01:34臺中市石岡區萬仙街某住宅火災，已撲滅，無傷亡】,112-01-29
【工廠火災】【29日13:13臺中市龍井區工業路188巷1紡織工廠火災，已撲滅，無傷亡】,112-01-29
【學校火災】【29日11:04宜蘭縣宜蘭市「國立宜蘭大學」工學院大樓5樓實驗室火災，已撲滅，無傷亡】,112-01-29
【工廠火災】【29日20:59臺中市西屯區筏堤東街1段「徠裕金屬有限公司」金屬建材工廠火災，已撲滅，無傷亡】,112-01-29
​【地震】【1月29日23:15高雄市政府東北方81.1公里(高雄市桃源區)發生芮氏規模3.2地震，持續聯繫掌握與續報】,112-01-29
【住宅火災】【30日03:14臺北市大安區羅斯福路四段119巷66弄內1住宅縱火，已撲滅，無傷亡】,112-01-30
【倉庫火災】【30日13:55嘉義縣中埔鄉沄水村某倉庫火災，已撲滅，無傷亡】,112-01-30
​【倉庫火災】【19:14花蓮縣花蓮市重慶路某倉庫火災，已撲滅，無傷亡】,112-01-30
​【船舶火災】【30日19:23屏東縣琉球鄉白沙漁港1漁船火災，已撲滅，無傷亡】,112-01-30
​【雜草火災】【30日臺中市大肚區第四公墓雜草火災，已撲滅，無傷亡】,112-01-30
【住宅火災】【2日09:21南投縣草屯鎮新庄一路某住宅火災，已撲滅，2人輕傷送醫】結報,112-02-03
【地震】【2月2日13:54臺南市政府東北東方 39.1 公里(臺南市南化區)發生芮氏規模3.7地震，持續聯繫掌握與續報】,112-02-03
【工廠火災】【2日14:41臺南市西港區新興街「永仕旺企業」工廠火災，已撲滅，1男燙傷送醫】結報,112-02-03
【住宅火災】【4日05:51屏東縣屏東市中正路174巷1住宅火災，已撲滅，無傷亡】,112-02-04
【工廠火災】【南投縣埔里鎮隆生路2段「巧偉工藝社」木材工廠火災，已撲滅，無傷亡】,112-02-04
【工廠火災】【4日南投縣埔里鎮隆生路2段「巧偉工藝社」木材工廠火災，已撲滅，無傷亡】結報,112-02-04
【住宅火災】【4日20:27新北市萬里區1住宅火災，消防到場已無火煙，1女無生命徵象送醫】,112-02-04
【住宅火災】【4日17:37新北市三重區三和路四段1住宅縱火，已撲滅，無傷亡】,112-02-04
【廢棄物火災】【4日20:19臺南市新市區三舍里戶外空地廢棄物火災，已撲滅，無傷亡】,112-02-05
【舊兵營宿舍火災】【5日01:28屏東縣屏東市榮總東路附近1舊兵營宿舍火災，已撲滅，無傷亡】,112-02-05
【一氧化碳中毒】【5日01:01臺東縣卑南鄉富山村郡界1宮廟，2人一氧化碳中毒送醫】,112-02-05
【一氧化碳中毒】【4日23:03桃園市桃園區樹仁一街1住宅5樓，1人一氧化碳中毒送醫】,112-02-05
​【住宅火災】【5日17:45桃園市八德區高城一街某住宅火災，已撲滅，1男無生命徵象,112-02-06
​【宮廟火災】【6:25基隆市信二路某宮廟火災，已撲滅，無傷亡】,112-02-06
【住宅火災】【7日09:59桃園市大溪區1住宅火災，已撲滅，2輕傷送醫、1焦屍】,112-02-07
【住宅火災】【7日14:54臺北市萬華區成都路1住宅火災，已撲滅，無傷亡】,112-02-07
【出租套房火災】【6日05:35新北市中和區景平路1出租套房遭縱火，已撲滅，無傷亡】結報,112-02-07
【住宅火災】【9日10:41嘉義縣梅山鄉瑞里村幼葉林1住宅火災，已撲滅，無傷亡】,112-02-09
【一氧化碳中毒】【9日臺中市北區青島西街某住宅一氧化碳中毒2人送醫】,112-02-09
【地震】【2月10日01:52臺東縣政府北北東方68.0公里(臺東縣近海)發生芮氏規模3.8地震，持續聯繫掌握與續報】,112-02-10
【地震】【2月11日19:35花蓮縣政府南方67.5公里(臺灣東部海域)發生芮氏規模5.1地震，持續聯繫掌握與續報】,112-02-12
【住宅火災】【11日21:56雲林縣二崙鄉裕民路住宅火災，已撲滅，1女焦屍】,112-02-12
【一氧化碳中毒】【12日02:31臺中市潭子區勝利路某住宅一氧化碳中毒2人送醫】,112-02-12
【住宅火災】【12日11:32宜蘭縣五結鄉成鳳路188巷1住宅火災，已撲滅，無傷亡】,112-02-12
【店鋪火災】【12日11:32南投縣草屯鎮中正路某店鋪火災，已撲滅，1消防人員燙傷送醫】,112-02-12
【住宅火災】【12日15:23雲林縣崙背鄉豐榮村西佃厝1住宅縱火，已撲滅，2輕傷送醫】,112-02-12
【倉庫火災】【12日桃園市中壢區月眉路三段「力捷公司」倉庫火災，已撲滅，無傷亡】,112-02-12
【倉庫火災】【13日花蓮縣玉里鎮建國三街1葬儀社倉庫火災，已撲滅，無傷亡】,112-02-14
​【一氧化碳中毒】【12日基隆市七堵區泰安路1住宅一氧化碳中毒1人送醫】,112-02-14
【地震】【2月13日15:34花蓮縣政府南南西方 90.6 公里(花蓮縣卓溪鄉)發生芮氏規模3.9地震，持續聯繫掌握與續報】,112-02-14
​【住宅火災】【13日22:55屏東縣里港鄉三和路1住宅火災，已撲滅，1男焦屍】,112-02-14
【船舶火災】【14日21:15基隆市中正區八斗子漁港1船舶火災，已撲滅，無傷亡】,112-02-14
【辦公室火災】【14日23:36金門縣金湖鎮「雙和企業社」火災，已撲滅，無傷亡】,112-02-15
​【宮廟火災】【15日04:03新北市三芝區「鎮中宮」宮廟火災，已撲滅，無傷亡】,112-02-15
【住宅火災】【13日新北市淡水區水碓里「日若山莊」住宅火災，消防到場前已無火煙，1男焦屍】,112-02-15
【住宅火災】【15日16:25臺北市萬華區西園路1住宅火災，已撲滅，無傷亡】,112-02-15
【住宅火災】【19日05:57金門縣烈嶼鄉黃埔村后頭里1住宅火災，已撲滅，無傷亡】,112-02-20
【地震】【2月19日07:32宜蘭縣政府西南西方13.8 公里(宜蘭縣員山鄉)發生芮氏規模4.6地震，無災情】,112-02-20
【公墓火災】【19日12:16臺中市烏日區「第三公墓」火災延燒汽修廠，已撲滅，無傷亡】,112-02-20
【住宅火災】【20日07:04臺中市東區復興路四段1住宅火災，已撲滅，1女無生命徵象送醫急救】,112-02-21
【消防快訊-機關火災，20日15:06臺東縣達仁鄉安朔村「交通部公路總局草埔隧道安朔交控中心」2樓機房火災，已撲滅，無傷亡】,112-02-21
【住宅火災】【21日00:17臺南市新化區正新路341巷1住宅火災，已撲滅，疏散18人，無傷亡】,112-02-21
【學校火災】【21日02:08桃園市龜山區文化七路「文華國小」教室火災，已撲滅，無傷亡】,112-02-21
【倉庫火災】【21日06:08花蓮縣玉里鎮東豐里1倉庫火災，已撲滅，無傷亡】,112-02-21
【地震】【2月21日07:39花蓮縣政府西南方32.6 公里(花蓮縣鳳林鎮)發生芮氏規模3.8地震，無災情】,112-02-21
【山域事故】【20日22:01宜蘭縣大同鄉「雲稜山莊」1女腳踝扭傷無法行走，空勤直升機及本署特搜共勤成功救援】,112-02-21
【地震】【2月21日12:22宜蘭縣政府南南東方38.7公里(臺灣東部海域)發生芮氏規模4.1地震，無災情】,112-02-21
【地震】【2月21日12:39花蓮縣政府西南方32.5公里(花蓮縣鳳林鎮)發生芮氏規模3.9地震，無災情】,112-02-21
【住宅火災】【21日15:58臺南市白河區廣蓮里枋子林1住宅火災，已撲滅，無傷亡】,112-02-21
【地震】【2月21日19:01花蓮縣政府南方53.6.公里(臺灣東部海域)發生芮氏規模地震，持續聯繫掌握與續報】,112-02-21
【住宅火災】【21日23:31屏東縣里港鄉里中路1住宅縱火，已撲滅，無傷亡】,112-02-21
【工廠火災】【25日07:55基隆市信義區深澳坑路330號「和泰製冰廠」工廠火災，已撲滅，無傷亡】,112-02-26
【機關火災】【25日09:29臺北市中正區和平西路二段100號2樓電信機械室火災，已撲滅，無傷亡】,112-02-26
​【工廠火災】【25日17:52嘉義縣大林鎮中山路1住宅火災，已撲滅，無傷亡】,112-02-26
​【雜草火災】【25日16:52屏東縣恆春鎮龍泉水段雜草火災，已撲滅，無傷亡】,112-02-26
【工廠火災】【27日05:54臺中市新社區中和街某工廠火災，已撲滅，無傷亡】結報,112-02-28
【山域事故】【24日14:37臺東縣海端鄉「摩刻南山」1女膝蓋脫臼無法行走，空勤直升機及本署特搜共勤成功吊掛救援】,112-02-28
【山域事故】【27日05:26南投縣仁愛鄉干卓萬群峰1女腳扭傷，空勤直升機及本署特搜共勤成功吊掛救援】,112-02-28
【山域事故】【27日11:42南投縣仁愛鄉卓社大山東峰18連峰附近1男摔落邊坡無生命徵象，空勤直升機及本署特搜共勤成功吊掛救援】,112-02-28
【住宅火災】【27日15:03臺東縣臺東市知本路一段941巷1住宅火災，已撲滅，無傷亡】,112-02-28
【工廠火災】【27日16:18桃園市楊梅區幼獅路二段1工廠火災，已撲滅，無傷亡】結報,112-02-28
【住宅火災】【27日16:54嘉義縣朴子市永和里應菜埔1住宅火災，已撲滅，2傷】,112-02-28
 【住宅火災】【27日17:55新竹市東區明湖路175巷1住宅火災，已撲滅，無傷亡】,112-02-28
【住宅火災】【27日18:35新北市瑞芳區輕便路1住宅火災，已撲滅，無傷亡】,112-02-28
【學校火災】【27日21:47臺南市將軍區「將軍國小」鐵捲門馬達電線短路起火，無傷亡】,112-02-28
【學校火災】【27日21:59臺北市大安區「台灣科技大學」2樓實驗室插座起火，無傷亡】,112-02-28
【山域事故】【26日08:53花蓮縣秀林鄉「五甲崩山」1女墜落山谷死亡，28日空勤直升機及本署特搜共勤成功吊掛後送】,112-02-28
【山域事故】【28日00:26臺中市和平區「甘薯峰」至「遠多志山」間1男失聯，空勤直升機及本署特搜共勤成功吊掛後送】,112-02-28
【山域事故】【28日08:51宜蘭縣大同鄉「南湖大山」步道約10至11公里處1女高山肺水腫，空勤直升機及本署特搜共勤成功吊掛後送】,112-02-28
【山林火災】【1日06:06南投縣魚池鄉大林村「日月花嫁渡假屋」後方山林火災，已撲滅，無傷亡】,112-03-02
【汽車火災】【2日00:05臺南市新營區太北里1汽車火災，已撲滅，1男明顯死亡】,112-03-02
【山域事故】【1日20:16嘉義縣阿里山鄉「排雲山莊」1女右腳踝閉鎖性骨折，空勤直升機及本署特搜共勤成功吊掛後送】,112-03-02
【廢棄鐵皮屋火災】【2日07:17金門縣金城鎮吳厝石頭牌附近1廢棄鐵皮屋火災，已撲滅，無傷亡】,112-03-02
​【地震】【2日18:40花蓮縣政府南南西方63.4公里(花蓮縣瑞穗鄉)發生芮氏規模3.5地震，持續聯繫掌握與續報】,112-03-03
​【住宅火災】【2日18:10雲林縣口湖鄉埔南村外埔1住宅火災，已撲滅，1男嗆傷送醫】,112-03-03
​【地震】【2日19:25宜蘭縣政府南南東方23.6公里(宜蘭縣南澳鄉)發生芮氏規模4.1地震，持續聯繫掌握與續報】,112-03-03
​【老人長期照顧中心火災】【2日19:02宜蘭縣宜蘭市津梅路71號「祥愛老人長期照顧中心」，已撲滅，無傷亡】,112-03-03
​【地震】【3月3日00:48宜蘭縣政府南南東方23.3公里(宜蘭縣南澳鄉)發生芮氏規模4.9地震，持續聯繫掌握與續報】,112-03-03
​【山域事故】【3日12:44花蓮縣萬榮鄉「白石池」1女右腳踝腫脹無法行走，空勤直升機及本署特搜共勤成功吊掛救援】,112-03-04
【雜草火災】【3日15:12臺中市大里區練武路附近雜草火災，延燒國軍7貨櫃屋，已撲滅，無傷亡】,112-03-04
​【住宅火災】【4日02:26臺中市后里區智生路1住宅火災，已撲滅，3人無生命徵象、1人燒燙傷送醫】,112-03-04
【山域事故】【4日嘉義縣阿里山鄉「水漾森林酒瓶營地」及「白雪村」1女腳踝開放性骨折，另1女腳踝嚴重扭傷、無法行走，空勤直升機及本署特搜共勤成功吊掛救援】,112-03-05
【住宅火災】【5日11:40臺中市南區五權南路某住宅火災，已撲滅，無傷亡】,112-03-05
【陸上交通事故】【5日南投縣信義鄉「郡大林道」30公里處1廂型車滑落邊坡，車上8人全數救出送醫】,112-03-05
【地震】【3月5日15:19宜蘭縣政府南南東方23.2公里(宜蘭縣蘇澳鎮)發生芮氏規模3.5地震，無災情】,112-03-05
【公墓火災】【5日10:33臺中市沙鹿區「沙鹿示範公墓」火災，已撲滅，無傷亡】,112-03-05
​【工地火災】【8日00:52臺中市北屯區太原路三段1興建中工地火災，火勢撲滅，無傷亡】,112-03-08
​【實驗室火災】【7日18:05臺南市安南區「工業技術研究院南台灣創新園區」8樓實驗室火災，已撲滅，無傷亡】,112-03-08
​【工寮火災】【7日14:52金門縣金沙鎮斗門附近1工寮火災，已撲滅，無傷亡】,112-03-08
【雜草火災】【8日17:16高雄市大樹區瓦厝街雜草火災，火勢撲滅，無傷亡】,112-03-08
【汽車火災】【9日10:09臺中市太平區山田路茅埔二號橋往新社方向邊坡汽車火災，已撲滅，1焦屍】,112-03-10
【山林火災】【9日09:55南投縣集集鎮第二公墓附近山林火災，已撲滅，無傷亡】,112-03-10
【宮廟火災】【9日19:12新北市新莊區新樹路268巷1宮廟火災，已撲滅，無傷亡】,112-03-10
【飯店火災】【9日19:03宜蘭縣礁溪鄉「礁溪老爺大酒店」火災，已撲滅，無傷亡】,112-03-10
【住宅火災】【10日01:21屏東縣九如鄉東寧路1住宅火災，已撲滅，無傷亡】,112-03-10
​【倉庫火災】【10日10:54雲林縣斗六市保長路1倉庫火災，已撲滅，無傷亡】,112-03-10
【工廠火災】【10日15:51嘉義市北港路「遇見光」車燈工廠火災，已撲滅，無傷亡】,112-03-10
​【住宅火災】【11日09:32嘉義縣朴子市中正路1住宅火災，已撲滅，無傷亡】,112-03-12
​【山域事故】【11日09:46南投縣奇萊南峰1女左小腿骨折，無法行走，空勤直升機及本署特搜共勤成功吊掛救援】,112-03-12
11日14:42臺中市和平區雪山南峰1男左腳扭傷，無法行走，空勤直升機及本署特搜共勤成功吊掛救援,112-03-12
【3月11日 09:16花蓮縣政府西南方 28.4 公里(花蓮縣鳳林鎮)發生芮氏規模3.6地震，無災情】,112-03-12
【垃圾廠火災】【12日10:31屏東縣崁頂鄉「崁頂垃圾資源回收(焚化)廠」火災，已撲滅，無傷亡】,112-03-12
【樣品屋火災】【12日13:42新北市三重區仁義街樣品屋火災，已撲滅，無傷亡】,112-03-12
【工寮火災】【12日16:39臺中市和平區東崎路一段1工寮火災，已撲滅，無傷亡】,112-03-12
【地震】【3月13日08:11宜蘭縣政府東北東方23.7公里(臺灣東部海域)發生芮氏規模4.1地震，無傷亡】,112-03-13
【船舶火災】【13日11:44屏東縣東港鎮1漁船火災，已撲滅，無傷亡,112-03-13
【山林火災】【13日臺中市和平區30K「明隧道」上方山林火災，已撲滅，無傷亡】,112-03-13
【山林火災】【9日09:55高雄市燕巢區「千野村觀景區」附近山林火災，已撲滅，無傷亡】,112-03-13
【山林火災】【13日高雄市美濃區「黃蝶翠谷」附近山林火災，已撲滅，無傷亡】,112-03-13
【地震】【3月13日21:04花蓮縣政府西南西方14.9公里(花蓮縣秀林鄉)發生芮氏規模3.8地震，持續聯繫掌握與續報】,112-03-13
【資源回收場火災】【13日新北市土城區千歲路資源回收場火災，已撲滅，無傷亡】,112-03-13
​【山域事故】【14日06:09臺中市和平區「中央尖山」1男疑似高山症，空勤直升機及本署特搜共勤成功吊掛救援】,112-03-16
​【店鋪火災】【15日10:02嘉義市東區吳鳳北路連棟店鋪火災，已撲滅，無傷亡】,112-03-16
​【店鋪火災】【15日13:06台鐵花蓮車站內店鋪火災，已撲滅，無傷亡】,112-03-16
​【山域事故】【15日14:28高雄市桃源區「塔芬池」1女高山症，空勤直升機及本署特搜共勤成功吊掛救援】,112-03-16
​【地震】【3月16日02:35宜蘭縣政府南南東方22.8公里(宜蘭縣南澳鄉)發生芮氏規模3.2地震，持續聯繫掌握與續報】,112-03-16
​【木材行火災】【16日04:08臺南市新化區中山路1木材行火災，已撲滅，無傷亡】,112-03-16
【山林火災】【15日17:07高雄市美濃區廣興街石母宮附近山林火災，已撲滅，無傷亡】,112-03-16
【地震】【16日12:28花蓮縣政府南南方89.2公里 (花蓮縣卓溪鄉)發生芮氏規模4.1地震，無災情，持續聯繫掌握】,112-03-16
【空難】【16日彰化縣溪州鄉岸角巷附近濁水溪河床1輕航機墜機起火，2男焦屍】,112-03-16
【豬舍火災】【16日20:37嘉義縣朴子市佳禾里苦瓜寮1豬舍火災，已撲滅，無傷亡】,112-03-16
【工廠火災】【17日03:31彰化縣社頭鄉山腳路三段「永富環保工程行」工廠火災，已撲滅，無傷亡】結報,112-03-17
【山域事故】【16日花蓮縣卓溪鄉大分山屋1男腳扭傷無法行走，17日空勤直升機及本署特搜共勤搭載後送慈濟醫院】,112-03-17
【變電站火災】【17日22:23桃園市八德區「大湳變電站」火災，已撲滅，無傷亡】,112-03-18
【商店火災】【18日08:59新竹市北區中正路「鴨肉許」商店火災，已撲滅，無傷亡】,112-03-18
【廢棄木材火災】【8日14:17彰化縣田中鎮中州路2段廢棄木材火災，18日火勢撲滅，無傷亡】結報,112-03-18
【山域事故】【18日12:18南投縣「合歡北峰」登山口約1公里處，1男無生命徵象，空勤直升機及本署特搜共勤成功吊掛救援】,112-03-18
【工地火災】【18日19:28新北市林口區文化三路一段1工地火災，已撲滅，無傷亡】,112-03-19
​【住宅火災】【19日08:45桃園市楊梅區高新街1住宅火災，已撲滅，1焦屍】,112-03-20
​【地震】【19日13:12臺東縣政府西北方12.1公里 (臺東縣卑南鄉)發生芮氏規模4.2地震，無災情】,112-03-20
​【餐廳火災】【19日19:00嘉義縣民雄鄉松山村「松山土窯羊肉」餐廳火災，已撲滅，無傷亡】結報,112-03-20
​【市場火災】【19日21:42彰化縣彰化市長壽街「三民市場」火災，已撲滅，無傷亡】結報,112-03-20
​【移工宿舍火災】【19日22:54彰化縣彰化市彰南路某移工宿舍火災，已撲滅，3人送醫，其中1人無生命徵象】結報,112-03-20
【山林火災】【19日11:27臺南市東山區水雲里牛肉崎7號附近公墓山林火災，已撲滅，無傷亡】結報,112-03-20
​【山林火災】【18日13:24臺南市新化區知義里山林火災，空勤支援空中滅火投水20噸，已撲滅，無傷亡】結報,112-03-20
​【地震】【23日05:51花蓮縣政府西南方 49.2 公里(花蓮縣萬榮鄉)發生芮氏規模4.6地震，無災情】,112-03-24
​【住宅火災】【23日05:54桃園市龜山區明德路住宅火災，已撲滅，1重傷、2輕傷送醫】,112-03-24
​【地震】【23日11:13花蓮縣政府南方25.0公里(花蓮縣近海)發生芮氏規模3.6地震，持續聯繫掌握與續報】,112-03-24
​【山林火災】【23日11:08臺中市和平區中興路三段「平等國小」附近山林，已撲滅，無傷亡】,112-03-24
​【雜草火災】【23日16:27嘉義縣阿里山鄉山美村台18線56.8公里處雜草火災，已撲滅，1傷】,112-03-24
​【公墓火災】【23日14:02南投縣南投市東山里公墓火災，已撲滅，無傷亡】,112-03-24
​【雜草火災】【23日18:32臺東縣池上鄉文化路「阿裕果園」附近雜草火災，已撲滅，無傷亡】,112-03-24
【住宅火災】【24日10:42臺中市清水區高美路某住宅火災，已撲滅，無傷亡】,112-03-24
【雜草火災】【24日13:56臺中市沙鹿區三民路附近雜草火災，已撲滅，無傷亡】結報,112-03-24
【地震】【24日18:04花蓮縣政府西南方 48.7 公里(花蓮縣萬榮鄉)發生芮氏規模4.2地震，無災情】,112-03-24
【山域事故】【24日16:09花蓮縣秀林鄉太魯閣大山北鞍「三叉營地」1男腳扭傷無法行走，空勤直升機及本署特搜共勤成功吊掛救援】,112-03-24
【餐廳火災】【21:41臺南市東區崇德十五街「五村燕餃」餐廳火災，已撲滅，無傷亡】結報,112-03-24
【地震】【25日01:22花蓮縣政府西南方51.5 公里(花蓮縣萬榮鄉)發生芮氏規模3.8地震，無災情】,112-03-26
【工廠火災】【24日23:42雲林縣虎尾鎮頂溪里「合懋紡織廠」工廠火災，已撲滅，無傷亡】,112-03-26
【山林火災】【24日19:27高雄市美濃區圓山街慈惠鳳凰宮附近山林火災，已撲滅，無傷亡】,112-03-26
【工廠火災】【25日10:15彰化縣芬園鄉仁愛路二段6巷1工廠火災，已撲滅，1傷】,112-03-26
【公墓火災】【25日11:35臺中市大肚區第四公墓火災，已控制，無傷亡】,112-03-26
【公墓火災】【25日12:47高雄市田寮區西德路田寮第一公墓附近山林火災，空勤支援空中滅火，已撲滅，無傷亡】,112-03-26
【住宅火災】【26日00:56雲林縣斗六市南仁路1住宅火災，已撲滅，1死1傷】,112-03-26
【工廠火災】【26日00:56屏東縣萬丹鄉「富統食品股份有限公司」火災，已撲滅，無傷亡】,112-03-26
【公墓火災】【25日12:47高雄市田寮區西德路田寮第一公墓附近山林火災，26日05:06復燃，空勤支援空中滅火1架次，08:34撲滅】,112-03-26
【住宅火災】【26日10:25苗栗縣苗栗市新東街1住宅火災，已撲滅，無傷亡】,112-03-26
【地震】【26日12:43臺東縣政府南方134.3公里 (臺灣南部海域)發生芮氏規模4.6地震，無災情】,112-03-26
【餐廳火災】【26日13:58桃園市蘆竹區「台茂購物中心」6樓餐廳火災，已撲滅，無傷亡】,112-03-26
【住宅火災】【26日23:16臺中市北屯區崇德路二段1住宅縱火，消防到場已無火煙，無傷亡】,112-03-27
【雜草火災】【26日17:00臺東縣臺東市「捷地爾」附近沙灘(知本溼地)雜草火災，已撲滅，無傷亡】結報,112-03-27
【餐廳火災】【26日13:58桃園市蘆竹區「台茂購物中心」6樓餐廳火災，已撲滅，無傷亡】,112-03-27
【地震】【26日12:43臺東縣政府南方134.3公里 (臺灣南部海域)發生芮氏規模4.6地震，無災情】,112-03-27
【住宅火災】【26日10:25苗栗縣苗栗市新東街1住宅火災，已撲滅，無傷亡】,112-03-27
【工寮火災】【27日14:42桃園市中壢區龍陵路1工寮火災，已撲滅，1男焦屍】,112-03-28
​【住宅火災】【27日11:31高雄市苓雅區中興街某住宅火災，已撲滅，1男焦屍】結報,112-03-28
【山域事故】【25日12:18花蓮縣秀林鄉「能高南峰」1女右腳踝扭傷，29日空勤直升機成功吊掛救援】,112-03-29
【宮廟火災】【29日:38臺北市北投區大度路3段301巷宮廟火災，已撲滅，無傷亡】,112-03-29
【店鋪火災】【29日17:20臺北市南港區東新街「夾客俱樂部」店鋪遭縱火，已撲滅，無傷亡】,112-03-29
【倉庫火災】【29日21:11高雄市大樹區九大路倉庫火災，已撲滅，無傷亡】,112-03-29
​【資源回收廠火災】【30日13:50臺南市關廟區南雄南路「寶綺企業社」資源回收廠火災，已撲滅，無傷亡】,112-03-31
​【地震】【30日14:44花蓮縣政府南南東方67.1公里 (花蓮縣卓溪鄉)發生芮氏規模3.7地震，無災情】,112-03-31
​【地震】【31日03:30臺東縣政府東北方23.7公里(臺東縣近海)發生芮氏規模3.6地震，無災情】,112-03-31
​【地震】【31日04:15臺東縣政府南南東方103.1公里(臺灣東南部海域)發生芮氏規模4.4地震，無災情】,112-03-31
​【汽車修配廠火災】【31日02:34雲林縣麥寮鄉橋頭村橋頭58-150號「聰明汽車修配廠」火災，已撲滅，無傷亡】,112-03-31
​【職業災害】【30日10:44臺中市中區臺灣大道一段299巷5號房屋倒塌，救出3人死亡】,112-03-31
【住宅火災】【1日14:38花蓮縣壽豐鄉池南路四段某住宅火災，已撲滅，無傷亡】,112-04-01
【一氧化碳中毒】【1日23:58臺中市西屯區工業區一路1住宅，2人一氧化碳中毒送醫】,112-04-02
【工廠火災】【2日09:26新北市淡水區崁頂1工廠火災，已撲滅，無傷亡】,112-04-02
【汽車火災】【2日11:35彰化縣舊西螺大橋及溪州大橋之間河床1汽車火災，已撲滅，1男焦屍】,112-04-02
【山林火災】【2日11:46高雄市田寮區田寮第四公墓附近山林火災，空勤支援空中滅火1架次，已撲滅，無傷亡】,112-04-02
​【工廠火災】【2日09:26新北市淡水區崁頂1工廠火災，已撲滅，無傷亡】,112-04-03
【汽車火災】【2日11:35彰化縣舊西螺大橋及溪州大橋之間河床1汽車火災，已撲滅，1男焦屍】,112-04-03
【山林火災】【2日11:46高雄市田寮區田寮第四公墓附近山林火災，空勤支援空中滅火1架次，已撲滅，無傷亡】,112-04-03
【工廠火災】【3日02:19基隆市安樂區武訓街1工廠火災，已撲滅，無傷亡】,112-04-03
【花卉園火災】【3日11:59臺中市北屯區東山路2段1花卉園火災，已撲滅，無傷亡】,112-04-03
【山域事故】【3日08:54屏東縣泰武鄉「北大武山」1男右腳踝嚴重扭傷、無法行走，空勤直升機成功吊掛救援】,112-04-03
【貨櫃屋火災】【3日21:35雲林縣古坑鄉綠色隧道「蜜蜂故事館」旁貨櫃屋火災，已撲滅，無傷亡】,112-04-03
【住宅火災】【3日17:26新北市三峽區中正路二段1住宅火災，已撲滅，1男無生命徵象送醫】,112-04-03
【地震】【4日06:36高雄市政府東北方74.8公里(高雄市桃源區)發生芮氏規模3.7地震，無災情】,112-04-04
【住宅火災】【4日03:29基隆市信義區深澳坑路1住宅火災，已撲滅，1死】,112-04-05
【山域事故】【4日06:31南投縣仁愛鄉干卓萬三叉營地1女高山症，空勤直升機成功落地搭載救援】,112-04-05
【地震】【5日00:34花蓮縣政府西南西方 16.7 公里(花蓮縣秀林鄉)發生芮氏規模4.1地震，無災情】,112-04-05
【住宅火災】【4日23:45花蓮縣玉里鎮長良里1住宅火災，已撲滅，無傷亡】,112-04-05
【工廠火災】【4日17:05屏東縣里港鄉三和路1工廠火災，已撲滅，無傷亡】,112-04-05
​【山域事故】【6日15:48花蓮縣卓溪鄉「大水窟山屋」1女高山症，空勤直升機成功落地搭載救援】,112-04-07
【工廠火災】【16:00臺南市永康區中山北路1工廠火災，已撲滅，無傷亡】,112-04-07
【山域事故】【5日13:52南投縣信義鄉「本鄉山」1男受傷，8日空勤直升機成功吊掛救援】,112-04-08
【地震】【8日08:56臺東縣政府北北東方53.4公里(臺東縣成功鎮)發生芮氏規模3.8地震，無災情】,112-04-08
【山域事故】【5日20:44南投縣信義鄉「無雙山亞力士營地」1女受傷，8日空勤直升機及本署特搜成功吊掛救援】,112-04-08
【地震】【8日14:36花蓮縣政府北北東方23.2公里(花蓮縣近海)發生芮氏規模3.5地震，無災情】,112-04-08
【地震】【8日16:36臺東縣政府北北西方 59.3 公里(臺東縣海端鄉)發生芮氏規模3.9地震，無災情】,112-04-08
【地震】【8日19:22花蓮縣政府北北東方38.0公里(花蓮縣近海)發生芮氏規模3.9地震，無災情】,112-04-08
【地震】【8日20:14花蓮縣政府南南西方 63.1公里 (花蓮縣豐濱鄉)發生芮氏規模4.7地震，無災情】,112-04-08
【汽車火災】【9日09:10彰化縣永靖鄉永靖街151號前1小貨車火災，已撲滅，1人意識不清,112-04-10
【廢棄雞舍火災】【9日19:59臺南市關廟區關新路二段廢棄雞舍火災，已撲滅，無傷亡】,112-04-10
【職業災害】【10日屏東縣新園鄉新生路「漁子濯水產公司」員工吸入一氧化氮過量，救出7人皆清醒送醫】,112-04-10
【雜草火災】【10日11:31臺南市龍崎區土崎里烏樹林10號附近雜草火災，已撲滅，無傷亡】,112-04-11
【餐廳火災】【11日05:48桃園市八德區中華路「將進酒頂級麻辣火鍋」餐廳火災，已撲滅，無傷亡】,112-04-11
【山域事故】【2日06:06南投縣仁愛鄉「干卓萬山」1男墜谷死亡，12日發現大體，空勤直升機及本署特搜成功吊掛】,112-04-12
【住宅火災】【13日00:22臺東縣臺東事正氣路1出租套房火災，已撲滅，1死亡，另救出4人】,112-04-13
【工廠火災】【13日02:24臺中市清水區中華路「輝全汽車修配廠」火災，已撲滅，無傷亡】,112-04-13
【住宅火災】【13日06:24臺東縣臺東市和平街1住宅火災，已撲滅，無傷亡】,112-04-13
【山域事故】【14日04:41臺東縣海端鄉嘉明湖山屋1男高山症，空勤直升機及本署特搜共勤成功吊掛救援】,112-04-14
【住宅火災】【14日09:27南投縣竹山鎮枋坪巷2-32弄1住宅火災，已撲滅，無傷亡】,112-04-14
【地震】【14日11:54臺東縣政府北北東方4.2公里(臺東縣臺東市)發生芮氏規模4.1地震，目前無災情】,112-04-14
【地震】【14日11:54臺東縣政府北北西方4.2公里(臺東縣卑南鄉)發生芮氏規模3.6地震，目前無災情】,112-04-14
【資源回收區火災】【14日12:44嘉義縣大林鎮「慈濟醫院」資源回收區火災，已撲滅，無傷亡】,112-04-14
【梯間火災】【14日12:59臺北市中山區民生東路1段某地下1樓梯間遭縱火，已撲滅，無傷亡】,112-04-14
【工廠火災】【14日15:57臺中市太平區永豐路1工廠火災，已撲滅，無傷亡】,112-04-14
【商店火災】【14日22:30高雄市仁武區鳳仁路1商店火災，已撲滅，無傷亡】,112-04-14
【地震】【14日23:38臺東縣政府西南方34.1公里(臺東縣太麻里鄉)發生芮氏規模3.6地震，目前無災情】,112-04-14
【工廠火災】【15日23:42雲林縣斗六市保長路1修車廠火災，已撲滅，無傷亡】,112-04-16
【住宅火災】【16日02:10臺中市北區錦中街1住宅火災，已撲滅，救出2女意識清楚送醫檢查】,112-04-16
​【地震】【16日11:26花蓮縣政府西南方35.2公里(花蓮縣萬榮鄉)發生芮氏規模4.1地震，無災情】,112-04-16
【醫院火災】【16日14:32苗栗市「衛福部苗栗醫院醫療大樓」火災，已撲滅，無傷亡】,112-04-17
​【地震】【16日18:44臺東縣政府北北西方 18.1 公里(臺東縣延平鄉)發生芮氏規模3.5地震，無災情】,112-04-17
​【山林火災】【屏東林區管理處轄管高雄市內門及杉林區國有林班地火災，21:10火勢撲滅，進行殘火處理】,112-04-17
【工廠火災】【16日21:50臺中市烏日區中山路一段和平巷1工廠火災，已撲滅，無傷亡】,112-04-17
【山林火災】【18日08:20臺南市玉井區第5林班地山林火災，陸空搶救中，無傷亡】,112-04-18
【地震】【19日02:53花蓮縣政府西北西方37.2公里(花蓮縣秀林鄉)發生芮氏規模3.6地震，無災情】,112-04-19
【雜草火災】【18日20:02高雄市田寮區內安7-10號「峰聖宮」附近雜草火災，已撲滅，無傷亡】,112-04-19
【住宅火災】【21日22:37桃園市觀音區玉林路2段1住宅火災，已撲滅，1死1自行逃生脫困】,112-04-22
【山域事故】【21日08:35花蓮縣卓溪鄉「大水窟山屋」1女高山症疑似肺水腫，空勤直升機成功落地搭載救援】,112-04-22
【地震】【21日19:44花蓮縣政府南南西方54.7公里(花蓮縣近海)發生芮氏規模4.5地震，無災情】,112-04-22
【一氧化碳中毒】【21日23:36臺中市后里區四月路1住宅，6人一氧化碳中毒送醫】,112-04-22
【地震】【22日08:20臺東縣政府北北西方 59.1 公里(臺東縣海端鄉)發生芮氏規模3.6地震，無災情】,112-04-22
【住宅火災】【22日07:48南投縣南投市吉利路360巷1住宅火災，已撲滅，1傷】,112-04-22
【住宅火災】【22日14:14臺中市北屯區崇德二路一段1住宅火災，已撲滅，無傷亡】,112-04-22
【地震】【22日16:03宜蘭縣政府南方38.7公里(宜蘭縣南澳鄉)發生芮氏規模3.9地震，無災情】,112-04-22
【工廠火災】【22日14:54桃園市八德區東勇街1工廠火災，已撲滅，無傷亡】,112-04-22
【住宅火災】【22日20:30臺南市北區文賢路1住宅火災，已撲滅，救出5人，其中3人(1重傷、2輕傷)送醫】,112-04-22
【住宅火災】【22日22:23嘉義市西區徐州四街1住宅火災，已撲滅，1女死亡】,112-04-22
【地震】【22日23:30宜蘭縣政府南方38.6公里(宜蘭縣南澳鄉)發生芮氏規模3.0地震，無災情】,112-04-22
【地震】【23日06:17臺南市政府北北東方42.7公里(臺南市東山區)發生芮氏規模3.2地震，無災情】,112-04-23
【倉庫火災】【23日12:12新北市金山區法鼓路倉庫火災，已撲滅，無傷亡】,112-04-23
【騎樓火災】【24日05:09臺南市北區文賢路365巷1住宅外騎樓火災，已撲滅，協助5人脫困，無傷亡】,112-04-24
【雜草火災】【26日20:12高雄市大寮區保福路和後厝路交叉路口附近雜草火災，已撲滅，無傷亡】,112-04-26
【工廠火災】【26日彰化縣彰化市彰南路二段工廠火災，已撲滅，無傷亡】,112-04-27
【資源回收場火災】【28日新北市汐止區長江街100巷資源回收場火災，已撲滅，無傷亡】,112-04-28
【住宅火災】【28日17:29花蓮縣玉里鎮大同路181巷廢棄台鐵宿舍火災，已撲滅，無傷亡】,112-04-28
【住宅火災】【29日01:35臺東縣東河鄉都蘭村1住宅火災，已撲滅，無傷亡】,112-04-29
【住宅火災】【29日03:05臺中市南區瑞豐街19巷住宅火災，已撲滅，無傷亡】,112-04-29
【山域事故】【29日10:03南投縣信義鄉「馬利亞文路山東峰」1男高山症，空勤直升機及本署特搜共勤成功吊掛救援】,112-04-29
【機關火災】【29日15:52雲林縣斗六市府前街「內政部入出國及移民署專勤事務第二大隊辦公室」火災，燒燬垃圾桶，火災已撲滅，無傷亡】,112-04-29
【山林火災】【29日10:26高雄市大寮區保福路附近山林火災，17:19起空勤直升機支援投水18噸，已控制，無傷亡，持續搶救中】,112-04-29
【住宅火災】【29日20:33桃園市大溪區中新里中庄1住宅火災，已撲滅，無傷亡】,112-04-29
【山林火災】【29日10:26高雄市大寮區保福路附近山林(鳳梨山)火災，空勤支援空中滅火投水量約18噸，22:13火勢撲滅，無傷亡】,112-04-29
【汽修廠火災】【29日22:57臺北市大同區酒泉街「九洲汽車修理行」汽修廠火災，已撲滅，疏散1人，無傷亡】,112-04-30
​【住宅火災】【30日00:03新北市蘆洲區中正路1集合住宅火災，已撲滅，1人送醫宣告不治】結報,112-04-30
【山域事故】【30日08:40新竹縣尖石鄉「新達山屋」1男腳踝扭傷，空勤直升機及本署特搜共勤成功吊掛救援】,112-05-01
​【山林火災】【1日13:06苗栗縣通霄鎮新埔里附近山林火災，空勤直升機支援投水4噸，已撲滅，無傷亡】,112-05-02
​【汽車火災】【2日01:51桃園市大溪區承恩路1自小客車火災，已撲滅，1男死亡】,112-05-02
​【倉庫火災】【2日03:38嘉義縣鹿草鄉亀佛山1溫室鐵皮倉庫火災，已撲滅，無傷亡】,112-05-02
​【店鋪火災】【2日19:58雲林縣麥寮鄉瓦磘村霄仁厝1店鋪火災，已撲滅，無傷亡】,112-05-03
​【住宅火災】【3日02:32宜蘭縣員山鄉榮光路1住宅火災，已撲滅，1男無生命徵象】,112-05-03
【地震】【4日16:15臺東縣政府西方24.0公里(臺東縣卑南鄉)發生芮氏規模3.9地震，無災情】,112-05-04
【廢棄物火災】【4日17:37屏東縣新園鄉鹽洲路廢棄物火災，已撲滅，無傷亡】,112-05-04
【山域事故】【4日嘉義縣阿里山鄉排雲山莊附近1男無生命徵象，空勤直升機及本署特搜共勤成功吊掛後送】,112-05-04
【汽機車回收廠火災】【4日18:53嘉義縣水上鄉中山路2段汽機車回收廠火災，已撲滅，無傷亡】,112-05-04
【地震】【4日23:38花蓮縣政府南南西方67.7公里(花蓮縣卓溪鄉)發生芮氏規模5.1地震，無災情】,112-05-04
【山林火災】【4日11:25高雄市燕巢區烏山頂泥火山保留區附近山林火災，空勤直升機支援投水約22噸，23:58火勢撲滅，無傷亡】,112-05-04
【雞舍火災】【6日13:26彰化縣北斗鎮大新路「全佑牧場」雞舍火災，已撲滅，無傷亡】,112-05-06
【山域事故】【6日07:21花蓮縣萬榮鄉「萬里池」1男登山客跌倒頸椎受傷，空勤直升機及本署特搜共勤成功吊掛救援】,112-05-06
【住宅火災】【6日18:42苗栗縣苗栗市為民街住宅火災，已撲滅，1輕傷送醫】,112-05-07
【火災】【6日16:07苗栗縣卓蘭鎮坪林里雜草火災延燒三合院，已撲滅，無傷亡】,112-05-07
【住宅火災】【6日17:49嘉義縣朴子市市東路1住宅火災，已撲滅，無傷亡】,112-05-07
【山林火災】【6日09:34南投縣仁愛鄉「仁莊豐田農場」附近山林火災，已撲滅，無傷亡】,112-05-07
【山林火災】【5日11:28高雄市內門區烏西崙西側附近山林火災，空勤直升機支援投水約68噸，7日11:42火勢撲滅，無傷亡】,112-05-07
【住宅火災】【8日02:49宜蘭縣蘇澳鎮南寧路住宅火災，已撲滅，4輕傷送醫】,112-05-08
【學校火災】【07:25屏東縣內埔鄉「國立屏東科技大學」獸醫系二館火災，已撲滅，無傷亡】,112-05-09
【倉庫火災】【19:24雲林縣口湖鄉後厝村1倉庫火災，已撲滅，無傷亡】,112-05-09
【住宅火災】【19:49臺東縣卑南鄉泰安村1住宅火災，已撲滅，無傷亡】,112-05-09
【陸上交通事故暨工安事故】【10日臺中市南屯區文心南路「捷運豐樂公園站」附近工地吊臂掉落砸到行駛中捷運車廂，8人輕傷送醫、1女明顯死亡】,112-05-11
​【住宅火災】【10日16:05新北市三重區環河南路1住宅火災，已撲滅，2女無生命徵象1女輕傷送醫】,112-05-11
【工廠火災】【10日17:17彰化縣福興鄉新生路「裕庚行地瓜」工廠火災，已撲滅，無傷亡】,112-05-11
【博物館火災】【10日19:55屏東縣車城鄉後灣路「國立海洋生物博物館」電氣機房火災，已撲滅，無傷亡】,112-05-11
【地震】【11日06:07高雄市政府東北方 73.9 公里(高雄市桃源區)發生芮氏規模3.7地震，無災情】,112-05-11
【住宅火災】【12日14:03新北市淡水區新民街1住宅火災，火勢已撲滅，3人輕傷送醫】,112-05-12
【地震】【13日01:30臺東縣政府東北方64.6 公里(臺灣東部海域)發生芮氏規模4.7地震，無災情】,112-05-13
【住宅火災】【15日16:45臺東縣臺東市徐州街1住宅火災，已撲滅，無傷亡】,112-05-16
【地震】【16日02:34花蓮縣政府西北方11.0公里(花蓮縣秀林鄉)發生芮氏規模3.9地震，無災情】,112-05-16
【地震】【16日06:28臺東縣政府南南東方105.4公里(臺灣東南部海域)發生芮氏規模3.7地震，無災情】,112-05-16
【汽車火災】【16日11:06臺中市太平區136縣道1汽車火災，已撲滅，1焦屍】,112-05-17
​【學校火災】【07:01臺北市文山區「市立木柵高級工業職業學校」教職員辦公室火災，已撲滅，無傷亡】,112-05-18
​【資源回收場火災】【17日12:22屏東縣屏東市大春路80巷資源回收場火災，已撲滅，無傷亡】,112-05-18
​【住宅火災】【17日13:52臺東縣臺東市中正路住宅火災，已撲滅，無傷亡】,112-05-18
​【倉庫火災】【17日21:25臺中市清水區中清路九段「清水藝閣社」火災，已撲滅，無傷亡】,112-05-18
​【店鋪火災】【17日21:50南投縣埔里鎮鯉魚潭風景區店鋪火災，已撲滅，無傷亡】,112-05-18
【工廠火災】【20日12:44高雄市小港區光陽街「協勝發鋼鐵廠」工廠火災，已撲滅，無傷亡】,112-05-20
【山域事故續報】【18日16:58屏東縣霧台鄉「飛龍瀑布」1人死亡、4人失蹤、5人平安，消防持續搜救中】,112-05-20
【工廠火災】【23日14:10桃園市蘆竹區興化路1工廠火災，已撲滅，無傷亡】結報,112-05-24
【工廠火災】【27日02:10高雄市大寮區鳳林二路1工廠火災，已撲滅，無傷亡】,112-05-27
​【山域事故】【20日13:47宜蘭縣南澳鄉澳花瀑布，26日發現大體，空勤直升機及本署特搜共勤成功吊掛】,112-05-27
​【山域事故】【26日06:49苗栗縣泰安鄉「雪山西稜線」1女高山症，空勤直升機及本署特搜共勤成功吊掛後送】,112-05-27
【陸上交通事故】【28日08:50嘉義縣朴子市82號快速道路2自小客車車禍，1人無生命徵象、5人輕傷送醫】,112-05-28
【災害救助】【28日14:18花蓮縣秀林鄉和仁沙灘旁崖壁1男摔傷，空勤直升機成功吊掛救援】,112-05-28
【災害救助】【28日14:18花蓮縣秀林鄉和仁沙灘旁崖壁因漲潮6人受困，空勤直升機及本署特搜共勤成功吊掛救援】,112-05-28
【醫院火災】【28日21:30澎湖縣馬公市樹德路14號「惠民醫院」2樓辦公室內冷氣插座起火，已撲滅，無傷亡】,112-05-28
【倉庫火災】【29日02:31新北市石碇區楓子林1倉庫火災，已撲滅，無傷亡】,112-05-29
【地震】【29日04:38宜蘭縣政府東方 41.1 公里(臺灣東部海域)發生芮氏規模3.8地震，無災情】,112-05-29
【住宅火災】【31日15:39苗栗縣竹南鎮天祥街1住宅火災，已撲滅，無傷亡】,112-05-31
【宮廟火災】【31日18:15澎湖縣湖西鄉果葉村「天師壇」宮廟火災，已撲滅，無傷亡】,112-05-31
【住宅火災】【31日18:24臺南市仁德區德善路1住宅縱火，已撲滅，1男燒燙傷送醫】,112-05-31
【瓦斯氣爆】【31日22:56臺南市南區喜樂路「耐速食品」綜合料理工廠氣爆，已撲滅，1男輕傷,112-05-31
【餐廳火災】【31日23:18臺東縣臺東市中華路一段「麻辣江湖」餐廳火災，已撲滅，1女無生命徵象及1男嗆傷送醫】,112-06-01
【地震】【1日21:20宜蘭縣政府西南方48.9公里(宜蘭縣大同鄉)發生芮氏規模3.6地震，無災情】,112-06-02
【住宅火災】【2日01:27臺中市大甲區黎明路某住宅火災，已撲滅，2輕傷】,112-06-02
​【住宅火災】【2日19:48彰化縣大城鄉東港村福建路1住宅火災，已撲滅，無傷亡】,112-06-03
​【住宅火災】【2日19:18彰化縣溪湖鎮員鹿路1住宅縱火，已撲滅，無傷亡】,112-06-04
【三合院火災】【5日08:35嘉義縣朴子市博文街1三合院火災，已撲滅，無傷亡】,112-06-05
【山林火災】【4日12:33苗栗縣大湖鄉新開村十份附近山林火災，空勤直升機支援投水約40噸，現場改以怪手開挖搶救中，無傷亡】,112-06-05
【山域事故】【5日嘉義縣阿里山鄉排雲山莊附近1男無生命徵象，空勤直升機及本署特搜共勤成功吊掛後送】,112-06-05
【機關火災】【5日19:31臺中市太平區中平路144號「太平區公所」電箱短路冒煙，已撲滅，無傷亡】,112-06-05
【宮廟火災】【7日13:12新北市鶯歌區八德路「金緣宮」宮廟火災，已撲滅，無傷亡】,112-06-07
【住宅火災】【7日14:31嘉義縣民雄鄉鎮北村圳溝墘1住宅火災，已撲滅，無傷亡】,112-06-07
【學校火災】【8日11:41臺南市安南區「和順國小」火災，已撲滅，無傷亡】,112-06-08
【學校火災】【8日12:32桃園市楊梅區永平路「永平工商」食材倉庫雜物火災，已撲滅，2學生送醫檢查】,112-06-08
【倉庫火災】【8日12:21彰化縣芳苑鄉1農用倉庫火災，已撲滅，無傷亡】,112-06-08
【學校火災】【9日00:20新北市三重區中正北路「市立三重商工」教室火災，已撲滅，無傷亡】,112-06-09
【住宅火災】【9日13:51南投縣南投市中興路中一巷1住宅火災，已撲滅，1昏迷送醫】,112-06-10
【辦公大樓火災】【9日20:54臺北市中山區復興北路1辦公大樓火災，已撲滅，無傷亡】,112-06-10
【地震】【9日23:19屏東縣政府東北方26.7公里(屏東縣三地門鄉)發生芮氏規模3.5地震，無災情】,112-06-10
【倉庫火災】【10日00:06新北市新店區僑信路1超商倉庫火災，已撲滅，1死】,112-06-10
【地震】【10日03:51高雄市政府東北方45.3公里(高雄市茂林區)發生芮氏規模4.2地震，無災情】,112-06-10
【宮廟火災】【10日09:31臺北市文山區老泉街45巷1宮廟火災，已撲滅，1男明顯死亡】,112-06-10
【工廠火災】【11日23:40臺南市安定區中榮里「資勇企業公司」工廠火災，已撲滅，無傷亡】,112-06-12
【學校火災】【13日12:32桃園市中壢區「國立中央大學」機械系實驗室火災，已撲滅，無傷亡】,112-06-13
【地震】【13日14:04臺東縣政府東北方32.5公里(臺東縣近海)發生芮氏規模3.8地震，無災情】,112-06-13
【工廠火災】【13日14:26臺南市仁德區文賢路二段「三立貨櫃」工廠火災，已撲滅，無傷亡】,112-06-13
【店鋪火災】【13日18:19雲林縣林內鄉坪頂村1店鋪火災，已撲滅，無傷亡】,112-06-13
【倉庫火災】【14日23:24臺北市士林區延平北路八段2巷180號倉庫火災，已撲滅，無傷亡】,112-06-15
【汽車火災】【15日04:20高雄市左營區左營大路與海功路口1汽車遭縱火，已撲滅，無傷亡】,112-06-16
【資源回收廠火災】【15日13:52臺南市永康區王行東路166號「臺南市永康垃圾資源回收廠」垃圾堆火災，已撲滅，無傷亡】,112-06-16
【工廠火災】【15日19:43臺南市安南區公學路1段「振益昌有限公司」壓克力加工廠火災，已撲滅，無傷亡】,112-06-16
​【學校火災】【16日02:07「新北市板橋區國光國民小學」仁愛樓217教室火災，已撲滅，無傷亡】,112-06-16
【工廠火災】【16日03:26桃園市楊梅區高鐵南路十段685號「新拓機電工程公司」工廠火災，已撲滅，無傷亡】,112-06-16
【瓦斯氣爆】【16日14:23新北市板橋區中正路1飲料店火災，已撲滅，4輕傷送醫】,112-06-17
【住宅火災】【17日06:15新北市三峽區中山路1住宅火災，已撲滅，1焦屍】,112-06-18
【地震】【17日09:47花蓮縣政府南南西方89.7公里(花蓮縣卓溪鄉)發生芮氏規模4.2地震，無災情】,112-06-18
【學校宿舍火災】【17日21:58高雄市鼓山區「國立中山大學」宿舍浴室火災，已撲滅，無傷亡】,112-06-18
【學校火災】【18日03:58嘉義市東區「大同技術學院」輔導中心火災，已撲滅，無傷亡】,112-06-18
【倉庫火災】【18日13:03臺南市永康區廣興路「雙燕有限公司」倉庫火災，已撲滅，無傷亡】,112-06-19
​【餐廳火災】【18日15:02苗栗縣三灣鄉和平街1餐廳火災，已撲滅，救出2人送醫(1女無生命徵象、1男輕傷),112-06-19
【工廠火災】【20日06:12新北市五股區中直路工廠火災，已撲滅，無傷亡】,112-06-20
【住宅火災】【20日10:54桃園市桃園區龍山街1住宅火災，已撲滅，救出1女無生命徵象送醫】,112-06-20
【學校火災】【20日12:34新北市五股區「更寮國民小學」頂樓屋頂工程火災，已撲滅，無傷亡】,112-06-20
【工寮火災】【21日15:31花蓮縣秀林鄉景美村三棧1養雞工寮火災，已撲滅，無傷亡】,112-06-22
【倉庫火災】【21日21:09嘉義縣溪口鄉游東村倉庫火災，已撲滅，無傷亡】,112-06-22
【汽車火災】【22日04:05南投縣魚池鄉向山行政暨遊客中心往月牙灣方向1汽車火災，已撲滅，1死】,112-06-22
【住宅火災】【22日20:48臺中市大雅區中和二路1住宅火災，已撲滅，無傷亡】,112-06-22
​【山域事故】【22日花蓮縣秀林鄉光被八表與卡賀爾山間1男高山症，空勤直升機及本署特搜共勤成功吊掛後送】,112-06-23
​【地震】【22日14:04花蓮縣政府東南方10.1公里(花蓮縣近海)發生芮氏規模4.4地震，無災情】,112-06-23
​【住宅火災】【22日20:48臺中市大雅區中和二路1住宅火災，已撲滅，無傷亡】,112-06-23
​【倉庫火災】【23日07:09臺北市士林區「中國電影文化城」倉庫火災，已撲滅，無傷亡】,112-06-23
【山域事故】【25日臺東縣海端鄉「嘉明湖」1男高山症，空勤直升機及本署特搜共勤成功後送】,112-06-25
【瓦斯氣爆】【24日08:30新竹縣竹北市多處天然氣瓦斯管線外洩氣爆案，16:00恢復供氣；17:00三級開設撤除，受傷人數新增為6人】結報更新,112-06-25
【山域事故】【24日花蓮縣秀林鄉「太魯閣大山」下方「北鞍山屋」1男高山症，空勤直升機及本署特搜共勤成功吊掛後送】,112-06-25
【山域事故】【23日臺中市和平區「中央尖溪山屋」1女頭部遭落石砸傷，已無生命徵象，24日空勤直升機及本署特搜共勤成功吊掛後送】,112-06-25
【山域事故】【23日高雄市桃源區卑南主北峰北側1男高山症，24日空勤直升機及本署特搜共勤成功吊掛後送】,112-06-25
【山域事故】【25日南投縣仁愛鄉武界營地1男高山症，空勤直升機及本署特搜共勤成功吊掛後送】,112-06-25
【住宅火災】【25日12:50嘉義縣阿里山鄉新美村1住宅火災，已撲滅，無傷亡】,112-06-25
【住宅火災】【25日14:03新北市樹林區潭興街1住宅火災，已撲滅，1人OHCA、2輕傷】,112-06-25
【工地火災】【25日18:56臺北市南港區忠孝東路7段「南港機廠基地公共住宅」工地火災，火勢撲滅，無傷亡】,112-06-25
【山域事故】【25日臺東縣海端鄉「嘉明湖」1男高山症，空勤直升機及本署特搜共勤成功後送】,112-06-26
​【山域事故】【25日南投縣仁愛鄉武界營地1男高山症，空勤直升機及本署特搜共勤成功吊掛後送】,112-06-26
​【住宅火災】【25日12:50嘉義縣阿里山鄉新美村1住宅火災，已撲滅，無傷亡】,112-06-26
​【住宅火災】【25日14:03新北市樹林區潭興街1住宅火災，已撲滅，1人OHCA、2輕傷】,112-06-26
​【工地火災】【25日18:56臺北市南港區忠孝東路7段「南港機廠基地公共住宅」工地火災，火勢撲滅，無傷亡】,112-06-26
【學校火災】【27日15:11新北市淡水區「淡江大學」外圍草皮火災，已撲滅，無傷亡】,112-06-27
【住宅火災】【27日18:59南投縣中寮鄉廣興村永平路1住宅火災，已撲滅，無傷亡】,112-06-27
【資源回收廠火災】【28日05:30高雄市鳥松區大仁南路「立盛資源回收廠」垃圾堆火災，已撲滅，1男重傷送醫】,112-06-28
【工廠火災】【28日05:20臺中市龍井區工業路「奇昕能源科技有限公司」火災，已撲滅，無傷亡】,112-06-29
【汽車火災】【28日06:30苗栗縣苗栗市新東大橋1自小客車自撞河堤起火燃燒，已撲滅，1焦屍】,112-06-29
【地震】【28日17:25屏東縣政府東北方26.6公里(屏東縣三地門鄉)發生芮氏規模3.9地震，無災情】,112-06-29
【倉庫火災】【28日22:20新北市新店區安康路一段1倉庫火災，已撲滅，無傷亡】,112-06-29
【住宅火災】【28日23:00嘉義市東區學府路2住宅火災，已撲滅，無傷亡】,112-06-29
​【住宅火災】【29日14:36臺北市萬華區萬大路486巷內1住宅火災，已撲滅，2人輕傷送醫】,112-06-29
【住宅火災】【1日13:13新北市瑞芳區明里路1住宅火災，已撲滅，1男無生命徵象送醫】,112-07-02
【空屋火災】【2日01:57嘉義縣布袋鎮龍江里新厝仔1空屋火災，已撲滅，無傷亡】,112-07-02
【工廠火災】【2日09:39桃園市楊梅區中山南路「中興紡織」工廠火災，已撲滅，救出3人(2人無生命徵象、1輕微嗆傷)】,112-07-03
​【資源回收場火災】【2日13:21新北市樹林區千歲路1資源回收廠火災，已撲滅，1人輕傷送醫】,112-07-03
【緊急救護暨義勇消防人員受傷】【2日14:02宜蘭縣礁溪鄉月眉坑步道6人(其中2人為義消前往救援時被螫)被虎頭蜂螫咬傷，皆意識清楚，全數送醫】,112-07-03
【工廠火災】【2日18:01新北市五股區夏綠地街1工廠火災，已撲滅，無傷亡】,112-07-03
​【住宅火災】【3日00:25屏東縣枋寮鄉中華路1住宅縱火，已撲滅，無傷亡】,112-07-03
【地震】【4日14:02花蓮縣政府北北東方38.3公里(花蓮縣近海)發生芮氏規模3.1地震，無災情】,112-07-05
【山林火災】【4日03:44臺東縣綠島鄉公館村觀音洞附近雜木林火災，空勤直升機支援投水約32噸，消防局持續搶救中，無傷亡】續報,112-07-05
【宿舍火災】【4日21:22高雄市大樹區「義守大學」國際學舍一館4樓室內配電盤起火，已撲滅，無傷亡】,112-07-05
【儲能貨櫃火災】【4日18:00臺中市龍井區工業路252巷「立達儲能科技股份有限公司」儲能貨櫃火災，已撲滅，無傷亡】,112-07-05
【車庫火災】【4日23:00雲林縣東勢鄉新吉路1鐵皮車庫火災，已撲滅，無傷亡】,112-07-05
【住宅火災】【5日00:00新竹縣新豐鄉員山村2鄰1住宅火災，已撲滅，無傷亡】,112-07-05
【山林火災】【4日03:44臺東縣綠島鄉公館村觀音洞附近保林地火災，火勢撲滅，無傷亡】,112-07-05
【山域事故】【2日臺中市和平區馬崙山步道1男登山失聯，5日尋獲大體，由空勤直升機及本署特搜共勤吊掛成功】,112-07-05
【地震】【6日01:08花蓮縣政府西方6.2公里(花蓮縣花蓮市)發生芮氏規模3.9地震，無災情】,112-07-06
​【山域事故】【5日花蓮縣秀林鄉沿海林道，1男協作急性盲腸炎，6日由空勤直升機及本署特搜共勤吊掛成功】,112-07-07
​【山域事故】【6日臺中市和平區「南湖圈谷山屋」1男急性腹痛，由空勤直升機及本署特搜共勤落地搭載送醫】,112-07-07
​【工廠火災】【6日20:12臺南市麻豆區謝厝寮工廠火災，已撲滅，無傷亡】,112-07-07
​【地震】【7日02:03臺東縣政府北方41.4公里(臺東縣池上鄉)發生芮氏規模4.9地震，無災情】,112-07-07
​【工廠火災】【7日00:57高雄市鳥松區中正路400巷10弄11號「凱恆國際貿易有限公司」工廠火災，已撲滅，無傷亡】,112-07-07
【山域事故】【7日南投縣信義鄉「丹大溪源營地」與「望崖山」間1男急性高山症，由空勤直升機及本署特搜成功吊掛送醫】,112-07-08
​【住宅火災】【7日10:38彰化縣員林市南潭路住宅火災，已撲滅，1男燒燙燒送醫】,112-07-08
​【住宅火災】【7日14:23花蓮縣秀林鄉景美村住宅火災，已撲滅，無傷亡】,112-07-08
​【住宅火災】【8日01:36新竹市東區民生路住宅火災，已撲滅，無傷亡】,112-07-08
​【倉庫火災】【8日04:22臺南市將軍區廣山里倉庫火災，已撲滅，無傷亡】,112-07-08
​【工廠火災】【8日05:21彰化縣竹塘鄉竹五路工廠火災，已撲滅，無傷亡】,112-07-08
【地震】【9日09:53臺東縣政府南南東方113.7公里(臺灣東南部海域)發生芮氏規模4.3地震，無災情】,112-07-09
【地震】【9日11:31臺東縣政府南南東方110.3公里(臺灣東南部海域)發生芮氏規模4.5地震，無災情】,112-07-09
【倉庫火災】【9日10:56臺北市北投區承德路七段1倉庫火災，已撲滅，無傷亡】,112-07-09
【住宅火災】【9日13:54彰化縣大村鄉過溝三巷1住宅火災，已撲滅，1男焦屍】,112-07-09
【山域事故】【8日新北市瑞芳區「五五五峰」1男墜谷死亡，大體由空勤直升機及本署特搜成功吊掛】,112-07-09
【住宅火災】【9日16:57南投縣埔里鎮向善路1住宅火災，已撲滅，1女焦屍】,112-07-09
【空屋火災】【9日23:32臺北市大同區環河北路二段1空屋火災，已撲滅，1男焦屍】,112-07-09
【倉庫火災】【9日20:02桃園市大園區大觀路354號「一大禮品贈品社」倉庫火災，已撲滅，無傷亡】,112-07-09
【地震】【10日06:11花蓮縣政府西北方7.8公里(花蓮縣秀林鄉)發生芮氏規模5.2地震，無災情】,112-07-10
【倉庫火災】【10日15:05雲林縣虎尾鎮光明路1倉庫火災，已撲滅，無傷亡】,112-07-11
【地震】【10日16:48花蓮縣政府南南西方89.7公里(花蓮縣卓溪鄉)發生芮氏規模3.5地震，無災情】,112-07-11
【住宅火災】【10日20:21臺東縣大武鄉民權街住宅火災，已撲滅，無傷亡】,112-07-11
【住宅火災】【11日05:08臺中市霧峰區民權街住宅火災，已撲滅，無傷亡】,112-07-11
【山域事故】【11日03:31花蓮縣秀林鄉奇萊東稜大理石山屋1男高山症，空勤直升機及本署特搜成功吊掛送醫】,112-07-11
​【地震】【11日19:42花蓮縣政府西北方11.5公里(花蓮縣秀林鄉)發生芮氏規模3.7地震，無災情】,112-07-12
​【旅館火災】【12日06:48新竹縣橫山鄉豐鄉村大山背29號(九華山莊)旅館火災，已撲滅，救出3人，其中1男身體不適送醫】,112-07-12
​【住宅火災】【13日04:18雲林縣水林鄉水北村顏厝寮住宅火災，已撲滅，1男無生命徵象】,112-07-13
​【住宅火災】【13日03:09臺東縣臺東市寶桑路住宅火災，已撲滅，無傷亡】,112-07-13
​【雜草火災】【12日16:57彰化市彰草路附近雜草火災，已撲滅，1男焦屍】,112-07-13
​【娃娃車陸上交通事故】【12日08:09宜蘭縣宜蘭市慈航三路與雪峰路口「汎米亞幼兒園」娃娃車與1計程車車禍，13人輕傷送醫,112-07-13
【機關火災】【14日08:57南投縣南投市「南投縣政府稅務局」火災，已撲滅，無傷亡】,112-07-14
【山域事故】【14日11:29花蓮縣卓溪鄉「大分山屋」1女摔傷，空勤直升機及本署特搜共勤成功吊掛送醫】,112-07-14
【山域事故】【14日11:32花蓮縣卓溪鄉「塔芳山南峰」1男高山症，空勤直升機及本署特搜共勤成功吊掛送醫】,112-07-14
【山域事故】【14日11:39南投縣仁愛鄉「干卓萬山」1男摔倒、頭部外傷，空勤直升機及本署特搜共勤成功吊掛送醫】,112-07-14
【工廠火災】【07:38高雄市楠梓區楠梓加工區中央路39號「塑美貝科技股份有限公司」火災，已撲滅，1消防人員受傷】,112-07-14
【地震】【15日15:50花蓮縣政府南南西方65.9公里(花蓮縣卓溪鄉)發生芮氏規模4.1地震，無災情】,112-07-15
【山林火災】【15日18:29新北市石門區舊十八王公廟(核一廠旁)附近山林火災，已撲滅，無傷亡】,112-07-15
【工廠火災】【15日21:57彰化縣員林市員大路二段167巷148號「育澤工業股份有限公司」工廠火災，已撲滅，無傷亡】,112-07-15
【新建工地火災】【15日21:44新北市三重區元信一街「國泰和河」新建工地火災，已撲滅，無傷亡】,112-07-15
【工廠火災】【16日00:41桃園市平鎮區金陵路二段「北興洗衣廠」火災，已撲滅，無傷亡】,112-07-16
【垃圾掩埋場火災】【16日18:30新竹縣新豐鄉「新豐鄉垃圾掩埋場」火災，17日00:12火勢控制，配合怪手進行開挖射水】續報,112-07-17
【住宅火災】【16日15:24臺中市東區大公街1住宅火災，已撲滅，無傷亡】,112-07-17
【國際地震】【7月16日美國阿拉斯加半島發生芮氏規模7.4地震】,112-07-17
【倉庫火災】【16日07:54臺中市豐原區水源路倉庫火災，已撲滅，無傷亡】,112-07-17
【山域事故】【15日19:51臺中市和平區「油婆蘭山屋」1男二度燒燙傷，16日空勤直升機及本署特搜共勤成功吊掛送醫】,112-07-17
【山域事故】【15日13:27南投縣信義鄉「卓社大山18連峰」1男摔落邊坡、腳踝扭傷待援，17日空勤直升機及本署特搜共勤成功吊掛送醫】,112-07-17
【地震】【18日16:29花蓮縣政府西南方21.6公里(花蓮縣秀林鄉)發生芮氏規模4.2地震，無災情】,112-07-19
【工廠火災】【18日19:19彰化縣秀水鄉溪心街1工廠火災，已撲滅，無傷亡】,112-07-19
【地震】【18日22:09臺東縣政府北北東方68.4公里(臺東縣近海)發生芮氏規模3.5地震，無災情】,112-07-19
【溪水暴漲受困】【15:26花蓮縣秀林鄉砂婆礑溪上游7人因溪水暴漲受困，16:22全數協助脫困，人員均安無需送醫】,112-07-19
【溪水暴漲受困】【​19:14花蓮縣秀林鄉三棧北溪玫瑰谷6人因溪水暴漲受困，21:53全數協助脫困，人員均安無需送醫。】,112-07-19
【汽車火災】【20日09:33臺南市官田區市171甲線21K處1自小客車火災，已撲滅，2焦屍】,112-07-21
【學校火災】【20日14:43臺北市大安區和平東路一段「師範大學」B1停車場火災，已撲滅，無疏散、無傷亡】結報,112-07-21
【住宅火災】【20日16:21臺北市松山區寶清街105巷1住宅火災，已撲滅，無傷亡】結報,112-07-21
【工寮火災】【21日09:13花蓮縣卓溪鄉卓清村工寮火災，已撲滅，無傷亡】,112-07-22
【住宅火災】【21日12:33新竹市香山區牛埔路1住宅火災，已撲滅，無傷亡】,112-07-22
【地震】【21日14:14花蓮縣政府南南西方24.8公里(花蓮縣近海)發生芮氏規模3.4地震，無災情】,112-07-22
【住宅火災】【21日16:07金門縣金沙鎮西園里住宅火災，已撲滅，1女無生命徵象送醫】,112-07-22
【住宅火災】【22日07:11嘉義縣東石鄉東石村住宅火災，已撲滅，無傷亡】,112-07-22
【住宅火災】【22日07:12雲林縣古坑鄉樟湖村1住宅火災，已撲滅，1男輕傷送醫】,112-07-22
【地震】【22日21:28花蓮縣政府南南西方7.5公里(花蓮縣吉安鄉)發生芮氏規模3.2地震，無災情】,112-07-22
【地震】【22日21:35花蓮縣政府東北方6.2公里(花蓮縣近海)發生芮氏規模3.5地震，無災情】,112-07-22
​【山域事故】【23日09:50臺中市和平區「雪山東峰」1男下肢受傷，空勤直升機成功落地搭載送醫】,112-07-24
​【住宅火災】【24日00:24臺東縣關山鎮德高里住宅火災，已撲滅，無傷亡】,112-07-24
​【山域事故】【23日08:10臺中市和平區「池有山」三叉營地往「品田山」方向1女跌落邊坡、胸部以下無知覺，24日空勤直升機及本署特搜人員成功吊掛送醫】,112-07-24
【工廠火災】【24日10:06新北市泰山區泰林路2段家具工廠火災，已撲滅，3員工輕微灼傷送醫】結報,112-07-24
【住宅火災】【24日16:45宜蘭縣礁溪鄉興農路住宅火災，17:38火勢撲滅，2人無生命徵象送醫】結報,112-07-25
【山域事故】【24日13:48宜蘭縣大同鄉山域事故1男右腳踝扭傷無法行走，空勤直升機及本署特搜共勤成功吊掛送醫】,112-07-25
【學校工地火災】【25日10:04臺北市大安區「台灣大學」興建中工地火災，已撲滅，無傷亡】結報,112-07-25
【災害救助】【26日18:02花蓮縣秀林鄉文蘭村3人上山查看水管受困山區，其中1女溺水死亡，2男因溪水暴漲受困，27日01:53已協助脫困】,112-07-27
【地震】【28日00:23宜蘭縣政府南南西方40.8公里(宜蘭縣南澳鄉)發生芮氏規模3.3地震，無災情】,112-07-28
【災害救助】【28日12:04花蓮縣光復鄉南清水溪2人因溪水暴漲受困，12:57已協助脫困，人員均安】,112-07-28
【災害救助】【續26日08:36臺東縣海端鄉栗松溫泉一行2人因溪水暴漲受困案，28日16:42全數救出】,112-07-28
【地震】【28日21:17宜蘭縣政府東方13.3公里(宜蘭縣近海)發生芮氏規模4.5地震，無災情】,112-07-28
​【災害救助】【28日12:04花蓮縣光復鄉南清水溪2人因溪水暴漲受困，12:57已協助脫困，人員均安】,112-07-29
【災害救助】【續26日08:36臺東縣海端鄉栗松溫泉一行2人因溪水暴漲受困案，28日16:42全數救出】,112-07-29
​【住宅火災】【29日03:00臺東縣臺東市新生路1住宅火災，已撲滅，2人輕傷送醫】,112-07-29
【學校火災】【30日12:45臺北市大安區羅斯福路四段1號「國立臺灣大學化學館」外側空地發電機火災，已撲滅，無傷亡】,112-07-30
【醫院火災】【30日臺中市沙鹿區成功西街「梧棲童綜合醫院」4樓廁所電線冒煙，已撲滅，無傷亡】,112-07-30
【沙洲受困】【30日16:48新竹縣竹北市鳳山溪5人沙洲受困，20:01已全數平安救起，無傷亡】,112-07-30
【住宅火災】【30日23:09臺北市中山區南京東路一段13巷1住宅火災，已撲滅，1人輕傷送醫】,112-07-30
【住宅火災】【30日23:09臺北市文山區興德路住宅火災，已撲滅，無傷亡】,112-07-31
【資源回收場火災】【31日03:46花蓮縣玉里鎮信義路某資源回收場火災，已撲滅，無傷亡】,112-07-31
【倉庫火災】【31日09:23臺中市神岡區神岡路215巷倉庫火災，已撲滅，無傷亡】,112-08-01
​【住宅火災】【31日14:08新北市淡水區社厝坑住宅火災，已撲滅，無傷亡】,112-08-01
​【住宅火災】【31日18:09嘉義縣東石鄉蔦松村住宅火災，已撲滅，1男無生命徵象送醫】,112-08-01
​【工廠火災】【7月31日23:23新北市新莊區青山路一段工廠火災，已撲滅，無傷亡】,112-08-01
【倉庫火災】【1日19:32新北市林口區倉庫火災，已撲滅，無傷亡】,112-08-02
【地震】【2日13:11臺東縣政府東北方59.3公里(臺灣東部海域)發生芮氏規模3.7地震，無災情】,112-08-03
【車站火災】【2日17:57「臺北火車站」B1高鐵售票口上方天花板冒煙，已撲滅，無傷亡】,112-08-03
【工廠火災】【3日00:51臺北市士林區延平北路七段1工廠火災，已撲滅，無傷亡】結報,112-08-03
【車禍救護】【12:27桃園市復興鄉高義里雪霧鬧橋1台電外包商車輛翻落約50米邊坡，造成4死2傷，16:43全數救出送醫】結報,112-08-04
【臨時屋火災】【3日21:42屏東縣長治鄉下寮巷臨時屋火災，已撲滅，無傷亡】,112-08-04
【倉庫火災】【4日03:02臺南市善化區田寮里六分寮1倉庫火災，已撲滅，無傷亡】,112-08-04
【住宅火災】【4日05:46嘉義市蘭州四街1住宅火災，已撲滅，1死】,112-08-05
​【住宅火災】【4日17:23雲林縣斗六市泰安路1住宅火災，已撲滅，無傷亡】,112-08-05
​【地震】【4日20:25臺東縣政府南南東方113.0公里(臺灣東南部海域)發生芮氏規模5.0地震，無災情】,112-08-05
​【地震】【4日20:51臺東縣政府南南東方115.2公里(臺灣東南部海域)發生芮氏規模3.8地震，無災情】,112-08-05
​【住宅火災】【6日03:31臺中市大甲區通天路1倉庫火災，已撲滅，無傷亡】,112-08-06
​【瓦斯氣爆】【6日00:13新北市樹林區大慶街1住宅瓦斯氣爆，已撲滅，1男送醫】,112-08-06
【醫院火災】【8日臺中市太平區樹孝路「賢德醫院樹孝院區」5樓天花板冷氣馬達冒煙，已撲滅，無傷亡】,112-08-08
​ 【地震】【8日14:26臺東縣政府北北東方64.7公里(臺東縣長濱鄉)發生芮氏規模3.8地震，無災情】,112-08-09
​ 【住宅火災】【8日13:07新竹縣竹東鎮沿河街住宅火災，已撲滅，無傷亡】,112-08-09
【機車行火災】【8日23:30高雄市大寮區光明路二段機車行火災，已撲滅，無傷亡】,112-08-09
【工廠火災】【10日12:00桃園市八德區興豐路工廠火災，已撲滅，無傷亡】結報,112-08-11
【工廠火災】【10日14:04桃園市大溪區慈康路「堅慈原木家具」工廠火災，已撲滅，無傷亡】結報,112-08-11
【住宅火災】【11日03:31桃園市平鎮區中豐路1住宅火災，已撲滅，1女無生命徵象送桃園國醫】結報,112-08-11
【地震】【11日17:52花蓮縣政府南方22.5公里(花蓮縣近海)發生芮氏規模3.4地震，無災情】,112-08-12
【地震】【11日18:24高雄市政府東北方98.4公里(高雄市桃源區)發生芮氏規模4.2地震，無災情】,112-08-12
【鐵皮屋火災】【12日19:34苗栗縣竹南鎮公義路鐵皮屋火災，已撲滅，無傷亡】,112-08-13
【住宅火災】【13日06:23桃園市平鎮區廣豐街63巷住宅火災，已撲滅，1人明顯死亡】,112-08-13
​【地震】【13日20:06臺東縣政府南方107.9公里(臺灣東南部海域)發生芮氏規模4.7地震，無災情】,112-08-14
​【地震】【13日09:43臺東縣政府南方 237.9 公里(臺灣南部海域)發生芮氏規模5.9地震，無災情】,112-08-14
​【住宅火災】【13日06:23桃園市平鎮區廣豐街63巷住宅火災，已撲滅，1人明顯死亡】,112-08-14
【化學災害】【15日11:27臺南市新市區國際路「極光先進雷射股份有限公司」氟化物化學物質外洩，已止漏，無傷亡】,112-08-15
【學校火災】【15日12:19臺南市新市區「遠東科技大學」體育館地下1樓，已撲滅，2人燒燙傷送醫】,112-08-15
【里辦公處火災】【15日13:48臺北市文山區羅斯福路六段「景行里辦公處」火災，已撲滅，無傷亡】,112-08-15
【地震】【16日01:09花蓮縣政府北北東方21.8公里(花蓮縣近海)發生芮氏規模4.7地震，無災情】,112-08-16
【鐵皮屋火災】【18日02:17臺中市大里區鐵皮屋火災，已撲滅，無傷亡】,112-08-18
【學校火災】【17日11:51臺北市大安區羅斯福路4段1號「國立臺灣大學」實驗室火災，已撲滅，9學生輕傷送醫】,112-08-18
【工寮火災】【18日09:08臺中市和平區中興路三段1工寮火災，已撲滅，無傷亡】結報,112-08-19
【住宅火災】【18日09:27嘉義縣水上鄉大崙村1住宅火災，已撲滅，無傷亡】結報,112-08-19
【倉庫火災】【18日19:01臺南市東山區嶺南里1倉庫火災，已撲滅，無傷亡】結報,112-08-19
【倉庫火災】【18日20:35新北市泰山區黎明路1輪胎倉庫火災，已撲滅，無傷亡】修正結報,112-08-19
【住宅火災】【18日21:56新北市鶯歌區福隆一街1住宅火災，已撲滅，1男焦屍】結報,112-08-19
【住宅火災】【19日12:57臺北市大同區迪化街1段1住宅火災，已撲滅，無傷亡】,112-08-20
【工廠火災】【19日15:24桃園市桃園區大誠路「欣興電子大誠廠」火災，已撲滅，無傷亡】,112-08-20
【住宅火災】【20日02:23嘉義縣新港鄉中洋村1住宅火災，已撲滅，1無生命徵象、1燒燙傷】,112-08-20
​【學校火災】【20日19:19高雄市鳳山區龍成路111號「高雄市立五甲國中」火災，已撲滅，無傷亡】,112-08-21
​【工廠火災】【21日23:53彰化縣秀水鄉中山路133巷「長泓能源科技公司」火災，已撲滅，無傷亡】,112-08-22
【資源回收場火災】【22日14:20臺中市梧棲區梧南路25號「增明環保資源回收場」火災，已撲滅，無傷亡】,112-08-23
【船舶火災】【25日17:50屏東縣東港鎮「東港漁港」船舶火災，已撲滅，無傷亡】,112-08-26
【地震】【25日07:34宜蘭縣政府西南方45.9公里(宜蘭縣南澳鄉)發生芮氏規模3.7地震，無災情】,112-08-26
【地震】【26日15:59嘉義縣政府東北方12.7公里(嘉義縣新港鄉)發生芮氏規模3.8地震，無災情】,112-08-27
【資源回收場火災】【26日20:13新北市板橋區長江路三段1巷23號「瑞濠行資源回收場」，已撲滅，無傷亡】結報,112-08-27
​【地震】【27日13:10宜蘭縣政府西南方45.4公里(宜蘭縣南澳鄉)發生芮氏規模3.1地震，無災情】,112-08-27
​【地震】【27日19:04臺東縣政府北北西方16.9公里(臺東縣卑南鄉)發生芮氏規模4.1地震，無災情】,112-08-27
​【工廠火災】【27日16:46宜蘭縣五結鄉國民中路31-1號工廠火災，已撲滅，無傷亡】,112-08-28
​【住宅火災】【28日04:18臺南市南區大同路二段656巷1住宅火災，已撲滅，1女傷燙傷送醫】,112-08-28
​【工廠火災】【28日06:32新北市五股區五工一路121號「潔保實業有限公司」工廠火災，已撲滅，1消防輕傷】,112-08-29
【汽車火災】【28日14:40高雄市三民區建興三巷20號義永寺停車場1貨車火災，已撲滅，1焦屍】,112-08-29
【工廠火災】【28日17:58臺中市豐原區鎌村路1汽車修配廠火災，已撲滅，無傷亡】,112-08-29
​【工廠火災】【28日20:05彰化縣溪州鄉中央路3段「大成彈簧床 」工廠火災，已撲滅，無傷亡】,112-08-29
【住宅火災】【29日00:22臺中市霧峰區光明路1住宅火災，已撲滅，無傷亡】,112-08-29
【住宅火災】【29日01:03新竹縣竹北市中華路1住宅火災，已撲滅，1無生命徵象、1意識模糊】,112-08-29
​【住宅火災】【31日03:06臺北市士林區通河東街一段住宅火災，已撲滅，1男無生命徵象送醫】,112-08-31
【地震】【31日12:49嘉義縣政府東北方14.0公里(嘉義縣民雄鄉)發生芮氏規模4.5地震，無災情】,112-08-31
【貨櫃火災】【31日19:19臺中港「32號碼頭」(長榮國際儲運)貨櫃火災，已撲滅，無傷亡】,112-08-31
【船舶火災】【2日08:26高雄市「9號碼頭」船舶火災，已撲滅，無傷亡】,112-09-03
【汽修廠火災】【2日12:13桃園市龜山區大坑路一段「元江汽車保修廠」火災，已撲滅，無傷亡】,112-09-03
【漁船火災】【3日15:45新竹市北區「南寮漁港」2漁船火災，已撲滅，無傷亡】,112-09-03
【工廠火災】【4日06:20高雄市大社區塩埕巷某造紙工廠火災，火勢撲滅，無傷亡】,112-09-04
【地震】【4日 22:42嘉義縣政府西南方13.0公里(嘉義縣義竹鄉)發生芮氏規模3.2地震，無災情】,112-09-05
【倉庫火災】【5日00:01花蓮縣瑞穗鄉鶴岡村興鶴路一段倉庫火災，火勢撲滅，無傷亡】,112-09-05
【沙洲受困】【6日18:26新竹縣竹東鎮頭前溪2釣客沙洲受困，22:11全數平安救起，無傷亡】,112-09-06
【住宅火災】【6日21:49新北市汐止區汐萬路三段某住宅火災，火勢已撲滅，5人輕傷送醫】,112-09-06
【工廠火災】【7日02:44臺中市龍井區工業路「盛億應用科技有限公司」火災，火勢撲滅，無傷亡】,112-09-07
【工廠火災】【7日21:49新北市新莊區化成路「廣積科技股份有限公司」火災，已撲滅，無傷亡】,112-09-08
【工廠火災】【8日03:02新北市三峽區三樹路222巷1工廠火災，已撲滅，無傷亡】,112-09-08
​【住宅火災】【8日08:20高雄市大樹區安和街42巷某1層平房火災，已撲滅，1男死亡】,112-09-08
【住宅火災】【9日16:23臺北市萬華區桂林路1住宅火災，已撲滅，1男焦屍】,112-09-09
【住宅火災】【9日18:56屏東縣潮州鎮中山路1住宅火災，已撲滅，1男焦屍】,112-09-09
【工廠火災】【11日20:32新北市五股區民義路二段50號之11「鑫晟企業有限公司」工廠火災，已撲滅，無傷亡】,112-09-12
【工廠火災】【12日06:37新竹縣湖口鄉復興路「居易科技股份有限公司」工廠火災，已撲滅，無傷亡】,112-09-12
【工廠火災】【12日16:53新北市土城區南天母路1住宅火災，已撲滅，1女焦屍】,112-09-12
【汽修廠火災】【12日21:40桃園市平鎮區長安路汽修廠火災，已撲滅，無傷亡】,112-09-12
【山域事故】【13日高雄市桃源區「南玉山」1女疑似胃出血，本日空勤直升機及本署特搜共勤吊掛成功】,112-09-14
【船舶火災】【13日16:01高雄市旗津區中洲三路「中信造船廠」船舶火災，已撲滅，無傷亡】結報,112-09-14
【地震】【15日18:34宜蘭縣政府南方 38.4 公里(宜蘭縣近海)發生芮氏規模5.0地震，無災情】,112-09-16
【山域事故】【16日07:24臺中市和平區「中央尖溪山屋」一行13人登山隊，其中2人受傷，空勤直升機及本署特搜共勤吊掛成功】,112-09-17
【山域事故】【16日09:24嘉義縣阿里山鄉「排雲山莊」一行10人登山隊，其中1男視網膜剝離、疑似中風，空勤直升機及本署特搜共勤吊掛成功】,112-09-17
【倉庫火災】【17日00:16桃園市新屋區五谷路1倉庫火災，已撲滅，無傷亡】,112-09-17
【地震】【17日04:41屏東縣政府東南方61.7公里(屏東縣獅子鄉)發生芮氏規模3.6地震，無災情】,112-09-17
【工寮火災】【18日07:38花蓮縣光復鄉馬太鞍橋旁1木造工寮(無門牌)火災，已撲滅，無傷亡】,112-09-18
【工廠火災】【19日00:25宜蘭縣五結鄉國民中路「肯志塑膠工廠」火災，火勢撲滅，無傷亡】,112-09-19
【工廠-戶外空地火災】【21日01:08高雄市小港區光陽街「明逢企業行」汽車維修廠旁戶外空地火災，已撲滅，無傷亡】,112-09-21
【住宅火災】【20日19:25彰化縣彰化市中華西路住宅火災，已撲滅，1人嗆傷送醫】,112-09-21
【地震】【20日19:09花蓮縣政府北北東方31.4公里(花蓮縣近海)發生芮氏規模3.9地震，無災情】,112-09-21
【地震】【20日13:25花蓮縣政府西南方50.5公里(花蓮縣萬榮鄉)發生芮氏規模3.6地震，無災情】,112-09-21
【商店火災】【20日06:26臺中市豐原區豐原大道三段商店火災，已撲滅，無傷亡】,112-09-21
【住宅火災】【12日17:16臺中市東勢區石城街1住宅火災，已撲滅，無傷亡】,112-09-21
【資源回收場火災】【21日23:08高雄市林園區工業二路「弗生企業有限公司」資源回收場火災，已撲滅，無傷亡】,112-09-22
​【住宅火災】【22日04:36臺北市萬華區和平西路3段1住宅火災，已撲滅，1焦屍】,112-09-22
【住宅火災】【23日11:06新北市新店區安和路三段1住宅火災，已撲滅，無傷亡】,112-09-23
【住宅火災】【23日16:17新北市土城區中央路一段1住宅縱火，消防到場已無火煙，無傷亡】,112-09-23
【住宅火災】【25日14:49苗栗縣苑裡鎮新復里住宅火災，已撲滅，無傷亡】,112-09-26
【地震】【26日01:36花蓮縣政府南南西方90.2公里(花蓮縣卓溪鄉)發生芮氏規模3.9地震，無災情】,112-09-26
【鐵皮屋火災】【26日13:44臺中市北區文化街1連棟鐵皮屋火災，已撲滅，無傷亡】結報,112-09-27
【地震】【26日20:30臺東縣政府北北東方43.2公里(臺東縣成功鎮)發生芮氏規模4.0地震，無災情,112-09-27
【小木屋火災】【27日00:16屏東縣林邊鄉下庄路1小木屋火災，已撲滅，無傷亡】結報,112-09-27
【資源回收場火災】【28日02:35新北市八里區福德新村1資源回收廠火災，已撲滅，無傷亡】,112-09-28
【山域事故】【26日14:03花蓮縣卓溪鄉塔芬山屋一行4人其中1男心臟不適(有裝支架)無法行走，空勤直升機及本署特搜共勤吊掛成功】,112-09-28
【學校火災】【28日02:35嘉義市彌陀路174號「國立嘉義高級工業職業學校」莊敬樓東側1樓男廁火災，已撲滅，無傷亡】,112-09-29
​【倉庫火災】【29日00:14花蓮縣吉安鄉中央路二段172巷6號之3「東大慶企業社」倉庫火災，已撲滅，無傷亡】,112-09-29
​【住宅火災】【29日03:37宜蘭縣羅東鎮忠孝新村1住宅火災，已撲滅，無傷亡】,112-09-29
​【住宅火災】【29日13:08新竹縣湖口鄉祥喜路808巷61弄1住宅縱火，已撲滅，無傷亡】,112-09-30
​【山域事故】【28日15:34臺中市和平區聖稜線素密達山屋1男腳扭傷無法移動，空勤直升機及本署特搜共勤成功吊掛送醫】,112-10-01
​【工寮火災】【1日00:29高雄市橋頭區橋燕路工寮火災，已撲滅，無傷亡】,112-10-01
​【倉庫火災】【1日01:36台中市石岡區萬仙街倉庫火災，已撲滅，無傷亡】,112-10-01
​【住宅火災】【1日05:45嘉義市東區公明路住宅火災，已撲滅，1女無生命徵象送醫】,112-10-01
【垃圾掩埋場火災】【9月30日15:19澎湖縣｢吉貝村垃圾掩埋場」火災，火勢已控制，10月1日加派消防人力前往滅火，無傷亡】,112-10-01
【汽車火災】【1日01:47屏東縣屏東市中正路某社區大樓停車場縱火，已撲滅，無傷亡】,112-10-01
【工廠火災】【2日03:33臺南市後壁區「達瑩企業股份有限公司」工廠火災，已撲滅，無傷亡】,112-10-02
【地震】【4日08:45臺東縣政府北北東方64.7公里(臺東縣近海)發生芮氏規模3.7地震，無災情】,112-10-05
【學校火災】【4日10:39桃園市桃園區民權路「桃園國小」廚房電箱短路致戶外電線火災，已撲滅，無傷亡】,112-10-05
​【學校火災】【5日13:59彰化縣埔鹽鄉番金路68-1號「天盛國民小學」倉庫火災，已撲滅，無傷亡】,112-10-06
​【住宅火災】【6日02:49彰化縣埔鹽鄉番金路1住宅火災，已撲滅，救出2人(1男焦屍、另1男嗆傷送醫)】,112-10-06
​【機關宿舍火災】【6日05:32高雄市岡山區岡燕路375號「內政部警政署保安警察第五總隊」宿舍火災，已撲滅，無傷亡】,112-10-06
【機車行火災】【7日00:10臺南市安南區公學路2段「日盛機車行」火災，已撲滅，救出1男嗆傷送醫，另疏散12人】,112-10-07
【住宅火災】【7日00:21臺南市東區仁和路住宅火災，已撲滅，救出2人(未受傷)】,112-10-07
【資源回收場火災】【6日22:24南投縣草屯鎮清潔隊資源回收場火災，已撲滅，無傷亡】,112-10-07
【倉庫火災】【6日21:25新竹縣芎林鄉文山路倉庫火災，已撲滅，無傷亡】,112-10-07
【戒毒中心火災】【8日01:54淡水區商工路1戒毒所火災，已撲滅，疏散17人，11人預防性送醫】,112-10-08
​【地震】【10日04:18南投縣政府東北東方36.0公里(南投縣埔里鎮)發生芮氏規模3.8地震，無災情】,112-10-10
​【地震】【10日00:28雲林縣政府南南東方13.0公里(雲林縣古坑鄉)發生芮氏規模3.0地震，無災情】,112-10-10
​【消防快訊-9日22:08新竹市北區鐵道路3段住宅火災，已撲滅，無傷亡】,112-10-10
​【工廠火災】【9日18:53新北市三峽區弘道路「名晉紙器有限公司」紙箱工廠火災，已撲滅，無傷亡】,112-10-10
​【地震】【9日18:47花蓮縣政府西南方 37.4 公里(花蓮縣萬榮鄉)發生芮氏規模3.5地震，無災情】,112-10-10
【旅館火災】【12日03:02彰化縣彰化市辭修路「第八月台」汽車旅館火災，已撲滅，無傷亡】,112-10-12
【地震】【11日18:36花蓮縣政府南南西方86.9公里(花蓮縣富里鄉)發生芮氏規模5.8地震，無災情】,112-10-12
【地震】【12日20:16高雄市政府東北方42.5公里(高雄市美濃區)發生芮氏規模4.9地震，無災情】,112-10-13
【雞舍火災】【12日23:58南投縣國姓鄉國姓路1雞舍火災，已撲滅，無傷亡】,112-10-13
【住宅火災】【13日03:10嘉義縣民雄鄉東湖村1住宅火災，已撲滅，1男無生命徵象送醫】結報,112-10-13
【機關火災】【14日01:24新北市蘆洲區集賢路245號5樓「新北市環保局第四稽查隊」辦公室火災，已撲滅，1送醫】,112-10-14
​【山域事故】【14日14:15屏東縣泰武鄉「檜谷山莊」1女摔傷，15日空勤直升機及本署特搜共勤成功吊掛送醫】,112-10-15
【地震】【15日21:32花蓮縣政府西南方43.1公里(花蓮縣光復鄉)發生芮氏規模3.6地震，無災情】,112-10-15
【住宅火災】【16日01:37臺南市麻豆區自由路1住宅縱火，已撲滅，1女輕傷送醫】,112-10-16
​【住宅火災】【16日10:34嘉義縣民雄鄉菁埔村住宅火災，已撲滅，救出2童無生命徵象送醫】,112-10-17
【工廠火災】【16日17:22桃園市觀音區「錦美紙業」工廠火災，17日04:28火勢撲滅，無傷亡】,112-10-17
​【倉庫火災】【16日23:35新北市板橋區陽明街倉庫火災，已撲滅，1女明顯死亡】,112-10-17
【新建工地火災】【17日17:27桃園市龜山區萬壽路2段601巷後方新建工地火災，21:36火勢撲滅，無傷亡】,112-10-17
【店鋪火災】【20日07:49高雄市美濃區中正路二段「吉利金香舖」店鋪火災，已撲滅，無傷亡】,112-10-20
【地震】【20日15:00高雄市政府東北方78.2公里(高雄市桃源區)發生芮氏規模3.9地震，無災情】,112-10-20
【木材工廠火災】【20日22:50高雄市梓官區八德路木材工廠火災，已撲滅，無傷亡】,112-10-20
【倉庫火災】【21日03:33嘉義縣大林鎮中坑里1倉庫火災，已撲滅，無傷亡】,112-10-21
【住宅火災】【22日彰化縣和美鎮東萊路住宅火災，已撲滅，1無生命徵象送醫】,112-10-22
​【山域事故】【21日12:01臺中市和平區「730林道」往「鈴鳴山」1男摔落邊坡，22日空勤直升機及本署特搜共勤成功吊掛送醫】,112-10-23
​【山域事故】【22日12:10新北市雙溪區「燦光寮步道」一行8人登山健走，其中7人遭蜂螫傷，13:32全數送醫】,112-10-23
​【地震】【22日14:52宜蘭縣政府東北東方16.7公里(宜蘭縣近海)發生芮氏規模4.5地震，無災情】,112-10-23
​【山域事故】【22日07:44嘉義縣阿里山鄉「水漾森林」2登山團(台中霧峰山岳社12人、新竹登山自主團12人)，共計12人遭虎頭蜂螫傷，14:12護送至登山口後自行就醫】,112-10-23
​【山域事故】【21日20:58臺中市和平區「南湖山屋」1女高山症，23日空勤直升機搭載本署特搜共勤成功吊掛送醫】,112-10-23
​【地震】【23日21:19臺東縣政府東北方31.2公里(臺東縣近海)發生芮氏規模4.8地震，無災情】,112-10-24
​【地震】【24日07:05花蓮縣政府東方120.2公里(台灣東部海域)發生芮氏規模6.2地震，無災情】,112-10-24
【工廠火災】【24日07:00新北市蘆洲區仁愛街1工廠火災，已撲滅，無傷亡】,112-10-25
【商店火災】【24日23:18嘉義市西區友愛路和興雅路交叉路口12戶連棟商店火災，25日01:36火勢撲滅，無傷亡】,112-10-25
【工廠火災】【24日23:20新北市五股區成泰路「均展國際貿易有限公司」火災，25日01:09火勢撲滅，無傷亡】,112-10-25
【山域事故】【25日08:28苗栗縣泰安鄉「奇峻山南鞍營地」一行2人，其中1男受傷無法行走，空勤直升機及本署特搜共勤成功吊掛送醫】,112-10-25
【職業災害】【25日14:18高雄市路竹科學園區後鄉路2工人遭土石掩埋，1無生命徵象、1輕傷全數救出送醫】,112-10-25
【職業災害】【25日15:14南投縣仁愛鄉奧萬大森林區1台電工人摔落邊坡、無生命徵象，消防已救出送醫】,112-10-25
【住宅火災】【25日19:07南投縣集集鎮集集街住宅火災，火勢已撲滅，無傷亡】,112-10-25
【工廠火災】【25日13:38彰化縣芬園鄉碧興路201巷23弄54號「宏昌家具廠」火災，已撲滅，1男員工輕傷送醫】,112-10-25
【陸上交通事故-屏東縣屏東市龍華西路47號前1自小客車自撞，1無生命徵象3輕傷送醫】,112-10-25
【住宅火災】【26日01:49新北市金山區三界里半嶺某住宅火災，已撲滅，無傷亡】,112-10-26
【宮廟火災】【27日12:20臺北市文山區景隆街土地公廟火災，火勢撲滅，無傷亡】,112-10-27
【工廠火災】【28日02:09新北市樹林區西圳街2段「成功瀝青」工廠火災，火勢撲滅，無傷亡】,112-10-28
【地震】【28日10:16臺東縣政府東南方36.1公里(臺灣東南部海域)發生芮氏規模4.5地震，無災情】,112-10-29
【住宅火災】【28日11:42臺南市永康區塩行路1住宅火災，已撲滅、救出2人，無傷亡】結報,112-10-29
【地震】【28日16:33宜蘭縣政府南南東方31.3公里(宜蘭縣近海)發生芮氏規模3.7地震，無災情】,112-10-29
【船舶火災】【28日19:21臺中市清水區臺中港內船塢工作船火災，已撲滅，無傷亡】初(結)報,112-10-29
【汽車賣場火災】【29日00:36高雄市小港區高鳳路「宏昌汽車」火災，已撲滅，無傷亡】結報,112-10-29
【出租套房火災】【28日22:17臺南市永康區中華2路283巷某住宅出租套房火災，已撲滅，1重傷1輕傷】更正結報,112-10-29
【住宅火災】【29日04:31屏東縣屏東市民享路1住宅火災，已撲滅，1死1重傷】結報,112-10-29
​【公務機關-機房火災】【30日11:11南投縣草屯鎮芬草路3段「高工局中區養護工程分局草屯機房」發電機房火災，已撲滅，無傷亡】,112-10-31
​【住宅火災】【30日13:40臺中市大甲區賢仁路住宅火災，已撲滅，無傷亡】,112-10-31
​【學校火災】【30日18:18金門縣金寧鄉「金門大學」華僑大樓微波爐冒煙，已撲滅，無傷亡】,112-10-31
​【地震】【31日04:32宜蘭縣政府南方28.5公里(宜蘭縣南澳鄉)發生芮氏規模3.2地震，無災情】,112-10-31
​【地震】【31日20:33臺東縣政府東北方72.0公里(臺灣東部海域)發生芮氏規模4.7地震，無災情】,112-11-01
【住宅火災】【31日22:52嘉義市西區玉山路住宅火災，已撲滅，無傷亡】,112-11-01
【工廠火災】【10月31日22:53新北市新莊區化成路「創志科技顧問股份有限公司」工廠火災，已撲滅，無傷亡】,112-11-01
【住宅火災】【1日16:25南投縣信義鄉波石巷住宅火災，已撲滅，無傷亡】,112-11-02
【緊急救護】【2日09:52臺東市正氣北路「國立臺東專科學校」噴灑辣椒水嬉鬧，計9學生送醫】,112-11-02
【山域事故】【2日花蓮縣卓溪鄉秀姑巒山「秀馬山屋遺址」1男右膝受傷疑似骨折，空勤直升機及本署特搜共勤吊掛成功】,112-11-02
【學校火災】【2日21:22「新北市立樹林高級中學」實驗室火災，已撲滅，無傷亡】,112-11-02
【瓦斯洩漏】【3日00:22新竹縣竹北市勝利八街一段附近瓦斯洩漏，01:36瓦斯公司已關閉管線，無傷亡】,112-11-03
【住宅火災】【3日02:43臺中市太平區中山路二段59巷1住宅火災，火勢撲滅，1死1失蹤、持續搶救中】,112-11-03
【山域事故】【2日18:00臺中市和平區「南湖山屋」一行2人，其中1女左腳踝骨折，空勤直升機及本署特搜共勤救援成功】,112-11-03
【工廠火災】【4日12:39桃園市八德區榮興路「長林企業社」工廠火災，14:46火勢撲滅，無傷亡】,112-11-04
【廢棄工寮火災】【4日09:26彰化縣溪湖鎮二溪路1段廢棄菇類工寮火災，11:55火勢撲滅，1拆屋工人燒燙傷自行就醫】,112-11-04
【五金行火災】【5日04:06桃園市觀音區忠孝路「新銳五金」五金行火災，05:13火勢撲滅，無傷亡】,112-11-05
【山域事故】【4日05:29花蓮縣秀林鄉「奇萊東稜-北鞍營地」一行13人，其中1男疑似高山肺水腫，空勤直升機及本署特搜共勤成功吊掛】,112-11-05
【瓦斯氣爆】【5日08:52新北市中和區永貞路「聚香園北方麵食館」瓦斯氣爆，已撲滅，1女員工送醫】初（結）報,112-11-06
【瓦斯氣爆】【5日10:17新北市新莊區建國一路「五路鍋聖小火鍋」瓦斯氣爆，到場無火煙，無傷亡】初（結）報,112-11-06
【住宅火災】【5日12:43嘉義縣鹿草鄉竹山村1住宅火災，火勢已撲滅，救出1人(無生命徵象)】結報,112-11-06
【山域事故】【5日11:22高雄市桃源區「小關山-神池營地」一行13人，其中1男摔傷疑似骨折，空勤直升機及本署特搜共勤成功吊掛送醫】結報,112-11-06
【宮廟火災】【5日15:01新北市中和區華新街109巷「威勝宮」宮廟火災，已撲滅，無傷亡】初(結)報,112-11-06
【陸上交通事故】【5日15:17宜蘭縣大同鄉太平山公路1遊覽車翻覆，全車42人，其中1女無生命徵象、5重傷、6中傷、27輕傷，傷者39人全數送醫，另3人未受傷未送醫】更正結報,112-11-06
【(修正)住宅火災】【5日20:02新北市林口區菁埔路1住宅火災，火勢撲滅，無傷亡】結報,112-11-06
【貨車火災】【6日04:23新北市林口區國道1號南下38K處1大貨車火災，已撲滅，無傷亡】,112-11-06
【山域事故】【6日05:52南投縣仁愛縣「天池山莊」一行2人，其中1男高山症、無法行走，空勤直升機及本署特搜共勤成功吊掛】,112-11-06
【公所火災】【6日07:14臺東縣臺東市博愛路「臺東市公所」火災，已撲滅，無傷亡】,112-11-06
【工安事故】【6日08:48臺南市興化區中興路375號「成功醬油」，3人掉落醬油槽救起後無生命徵象送醫】,112-11-06
【車輛火災】【6日09:41國道1號北上西螺服務區出口自小客車火災，已撲滅，無傷亡】,112-11-06
​【地震】【7日16:20宜蘭縣政府南南東方23.9公里(宜蘭縣南澳鄉)發生芮氏規模3.7地震，無災情】,112-11-08
​【資源回收廠火災】【7日22:43臺南市「永康區清潔隊」資源回收廠火災，23:10火勢撲滅，無傷亡】,112-11-08
​【汽車火災】【8日02:27國道1號南向9.6公里處，1小貨車追撞中油油罐車後起火燃燒，02:43火勢撲滅，1焦屍】,112-11-08
​【工寮火災】【8日02:18桃園市龍潭區小北坑街1工寮火災，03:40火勢撲滅，1焦屍】,112-11-08
【緊急救護-蜂螫】【8日10:16臺東縣延平鄉鸞山村「鸞山森林博物館」附近山區，11人遭蜂螫，其中2人意識不清，10:53全數送醫】,112-11-09
【住宅火災】【8日19:28桃園市桃園區龍壽街1住宅火災，已撲滅，1女焦屍、1女急救無效死亡、1男童急救後恢復生命徵象】,112-11-09
【住宅火災】【8日19:43南投縣水里鄉水信路二路1住宅火災，已撲滅，1女焦屍、1女灼傷送醫】,112-11-09
​【倉庫火災】【8日21:13嘉義縣布袋鎮新岑里1倉庫火災，已撲滅，無傷亡】,112-11-09
​【店鋪火災】【9日23:10臺中市東興市場火災，已撲滅，2輕傷送醫】結報,112-11-10
【廢棄工廠火災】【10日09:47新北市樹林區東順街1廢棄工廠火災，已撲滅，無傷亡】,112-11-10
【陸上交通事故-11:56臺東縣池上鄉新興一路421號前，3自小客車車禍事故，計6人輕傷，12:24全數送醫】,112-11-10
【陸上交通事故-15:07桃園市平鎮區快速路三段和中豐路一段交叉路口1小貨車、1大貨車及1小客車車禍，計5人受傷，16:33全數送醫】,112-11-10
【學校火災】【10日19:27澎湖縣馬公市中華路「馬公國民中學」火災，已撲滅、無傷亡】,112-11-10
【果菜市場火災】【10日22:11高雄市三民區十全路果菜市場火災，22:18火勢撲滅，無傷亡】,112-11-10
【地震】【11日00:54花蓮縣政府南方64.9公里(臺灣東部海域)發生芮氏規模5.4地震，無災情】,112-11-11
【消防快訊-陸上交通事故】,112-11-11
【倉庫火災】【12日13:20臺中市大肚區文昌路3段162巷51弄倉庫火災(靠近國道3號往北方向187K+822和美路段)，共燒2間倉儲，15:22火勢撲滅，無傷亡】,112-11-12
【住宅火災】【13日00:58花蓮縣富里鄉車站街住宅火災，02:16火勢撲滅，無傷亡】,112-11-13
【學校宿舍火災】【12日22:40屏東縣屏東市民生東路「屏東大學屏商校區」學生宿舍火災，已撲滅，無傷亡】,112-11-13
【工廠火災】【13日16:02臺中市大甲區中山路二段1工廠火災，已撲滅，1男員工灼傷送醫】結報,112-11-14
【住宅火災】【13日09:52臺南市南區鯤鯓路1住宅火災，已撲滅，無傷亡】結報,112-11-14
【住宅火災】【13日09:37雲林縣斗南鎮林子里住宅火災，已撲滅，1男燒燙傷送醫】結報,112-11-14
【住宅火災】【13日10:44嘉義縣民雄鄉雙福村住宅火災，已撲滅，無傷亡】結報,112-11-14
【住宅火災】【13日17:10臺北市南港區舊庄街二段1住宅火災，已撲滅，無傷亡】結報,112-11-14
【鋪路機火災】【13日23:20桃園市觀音區國瑞路1鋪路機火災，已撲滅，1人死亡】結報,112-11-14
​【商店火災】【15日11:38彰化縣彰化市中山路2段商店火災，已撲滅，無傷亡】,112-11-16
​【資源回收廠火災】【15日13:14新竹縣關西鎮東安里1資源回收廠火災，14:07火勢撲滅，無傷亡】,112-11-16
​【住宅火災】【17日00:02宜蘭縣五結鄉仁七路1住宅火災，屋主預防性送醫,112-11-17
​【地震】【17日05:00臺東縣政府南南東方 111.8 公里(臺灣東南部海域)發生芮氏規模4.0地震，無災情】,112-11-17
【縱火】【18日22:14臺南市七股區樹林里1女縱火燒門及雜物，已撲滅，無傷亡】,112-11-18
【廢棄工廠火災】【18日22:00臺南市七股區後港里港東40號廢棄工廠火災，22:38火勢撲滅，無傷亡】,112-11-18
【住宅火災】【18日20:42基隆市中正區和平街29巷住宅火災，22:05火勢撲滅，無傷亡】,112-11-18
【縱火】【18日21:19臺南市東山區新東路一段12巷內雜物疑似遭縱火，已撲滅，無傷亡】,112-11-18
【縱火】【18日17:04臺中市北區英才路1住宅，門前1春聯遭縱火，已撲滅，無傷亡】,112-11-18
【商店火災】【18日20:14嘉義市西區友愛路連棟商店火災，已撲滅，疏散28人，無傷亡】,112-11-18
【山域事故】【18日14:26南投縣仁愛鄉「萬大南溪」5山友無法渡溪且失溫請求救援，空勤直升機及本署特搜共勤成功吊掛】,112-11-18
【住宅火災】【18日14:47雲林縣虎尾鎮新吉里住宅火災，已撲滅，救出1人輕傷送醫】,112-11-18
【緊急救護】【18日10:24花蓮縣豐濱鄉磯崎山區，1女進行飛行傘活動自空中摔落，經送醫搶救後宣告死亡】,112-11-18
【山域事故】【17日15:37南投縣仁愛鄉「能高安東軍縱走」2男山友因山路崩塌、無法通過請求救援，18日空勤直升機及本署特搜共勤成功吊掛】,112-11-18
​【汽車火災】【17日08:39彰化縣伸港鄉建國一街與什股二街路口旁空地汽車火災，已撲滅，駕駛座1焦屍】,112-11-18
【工廠火災】【17日04:05臺中市神岡區新興路工廠火災，09:14火勢撲滅，2人受傷送醫，10:10尋獲失聯者已明顯死亡】結報,112-11-18
【山域事故】【15日17:32花蓮縣卓溪鄉「喀西帕南山」1女失聯，20日11:02尋獲失聯者無大礙，空勤直升機及本署特搜共勤成功吊掛送醫】,112-11-21
【垃圾掩埋場火災】【20日12:18苗栗市「西山公墓垃圾掩埋場」火災，已侷限火勢及開闢防火巷，無傷亡】續報2,112-11-21
【機關火災】【20日18:53屏東縣竹田鄉義永路12號「屏東監獄」警備車輛檢查站旁辦公室火災，已撲滅，無傷亡】,112-11-21
【住宅火災】【20日23:07臺北市北投區知行路住宅火災，已撲滅，疏散16人、救出4人，無傷亡】,112-11-21
【地震】【21日01:16南投縣政府東南東方19.3公里(南投縣水里鄉)發生芮氏規模4.6地震，無災情】,112-11-21
【地震】【21日23:22臺東縣政府西南方27.1公里(臺東縣金峰鄉)發生芮氏規模3.8地震，無災情】,112-11-22
【陸上交通事故-21日16:10彰化縣竹塘鄉自強路45號前1幼稚園交通車及1自小客車禍，計14人受傷，16:45全數送醫】結報,112-11-22
【陸上交通事故-21日12:05臺北市士林區忠誠路二段144號前1自小客車及1計程車車禍，計6人輕傷，12:36全數送醫】初(結)報,112-11-22
【工廠火災】【21日12:20臺南市新營區新芳街「中鼎資源再生公司」工廠火災，已撲滅，無傷亡】結報,112-11-22
【陸上交通事故-21日09:29臺東縣太麻里台9線396公里附近路段，2自小客車車禍事故，計5人輕傷，10:08全數送醫】初(結)報,112-11-22
【鐵皮屋火災】【23日04:29屏東縣新園鄉興安路鐵皮屋火災，已撲滅，無傷亡】,112-11-23
【住宅火災】【23日00:09彰化縣和美鎮彰和路二段某住宅火災，00:51火勢撲滅，4人燒灼傷送醫】,112-11-23
【一氧化碳中毒】【22日19:40新北市林口區文化二路某住宅2人一氧化碳中毒送醫】,112-11-23
【住宅火災】【22日18:58屏東縣內埔鄉原勝路某住宅火災，已撲滅，1男OHCA送醫】,112-11-23
【山域事故】【22日08:23花蓮縣卓溪鄉「馬利加南山屋」1女疑似高山症，空勤直升機及本署特搜共勤成功吊掛送醫】,112-11-23
​【疑似縱火】【23日13:05臺中市南屯區龍富十五路附近雜草疑似遭縱火，已撲滅，無傷亡】初(結)報,112-11-24
​【山域事故】【22日11:41嘉義縣阿里山鄉「排雲山莊」往下約2.5公里1日籍男子摔傷無法行走，空勤直升機及本署特搜共勤成功吊掛送醫】,112-11-24
​【地震】【23日12:26臺東縣政府東北方66.9公里(臺灣東部海域)發生芮氏規模4.7地震，無災情】,112-11-24
​【縱火】【23日08:54彰化縣永靖鄉永福路二段374巷住宅，情侶吵架後於樓梯轉角縱火，已撲滅，1男燒燙傷送醫】初(結)報,112-11-24
​【住宅火災】【23日08:24基隆市七堵區東新街住宅火災，已撲滅，1男燒燙傷、意識不清送醫】初(結)報,112-11-24
【學校火災】【23日07:14桃園市八德區永豐路609號「永豐高中」火災，已撲滅、無傷亡】初(結)報,112-11-24
​【縱火】【25日03:16臺北市大安區延吉街1機車火災，已撲滅，無傷亡，縱火犯由警方追緝中】,112-11-25
​【職業災害】【24日20:14臺北市松山區民權東路五段「民生水資中心」興建中工地3人受困，全數救出送醫】,112-11-25
​【山域事故】【24日15:04花蓮縣卓溪鄉喀西帕南山馬博橫斷1男山友高山症，請求空中救援，空勤直升機及本署特搜共勤成功吊掛】,112-11-25
​【山域事故】【24日10:30花蓮縣卓溪鄉南二段「北面山往南黑水塘」1男山友高山症、意識模糊請求救援，空勤直升機及本署特搜共勤成功吊掛】,112-11-25
【緊急救護-蜂螫】【臺東縣大武鄉「浸水古道」4.5公里處一行22人，其中3人遭蜂螫，消防已護送下山，全數送醫】,112-11-26
【工廠火災】【26日13:15臺中市健東路52巷「佑晟車業有限公司」工廠火災，已撲滅，無傷亡】,112-11-26
【一氧化碳中毒】【26日新竹縣尖石鄉「勞恩布妮民宿」露營區3人一氧化碳中毒送醫】,112-11-26
【船舶火災】【26日13:13高雄市小港漁港內「金豪富」漁船火災，已撲滅，無傷亡】,112-11-26
【山域事故】【26日09:00南投縣信義鄉「馬里亞文路山東峰」1女山友高山症、無法行走請求救援，空勤直升機及本署特搜共勤成功吊掛】,112-11-26
【山域事故】【26日04:40高雄市桃源區「轆轆谷山屋」1女山友高山症、無法行走請求救援，空勤直升機及本署特搜共勤成功吊掛】,112-11-26
【工廠火災】【26日08:58南投縣信義鄉卡里布安村1製茶廠倉庫火災，已撲滅，無傷亡】,112-11-26
【倉庫火災】【26日12:20新北市三重區環河南路「一心鋼琴公司」倉庫火災，已撲滅，無傷亡】,112-11-26
【住宅火災】【26日02:26南投縣南投市嶺興路住宅火災，已撲滅，無傷亡】,112-11-26
​ 【住宅火災】【25日16:43臺中市北區大誠街住宅火災，已撲滅，無傷亡】,112-11-26
【倉庫火災】【25日11:06台中市清水區護岸路倉庫火災，已撲滅，無傷亡】,112-11-26
【工廠火災】【25日08:48高雄市大寮區光明路二段工廠火災，已撲滅，無傷亡】,112-11-26
【倉庫火災】【27日04:52臺中市南屯區鎮和巷某倉庫火災，已撲滅，無傷亡】,112-11-27
【地震】【27日02:06宜蘭縣政府南方35.1公里(宜蘭縣近海)發生芮氏規模3.5地震，無災情】,112-11-27
【瓦斯洩漏】【29日01:19臺北市建國南路1段「台北科技大學學生餐廳」瓦斯洩漏，01:44已止漏，無傷亡】,112-11-29
【山域事故】【26日09:39屏東縣霧臺鄉「北大武山-霧頭山」彎刀縱走，一行2法國人(情侶)登山失聯，28日空勤直升機及本署特搜共勤成功吊掛】,112-11-29
【汽修廠火災】【28日10:42高雄市仁武區水管路汽修廠火災，11:19火勢撲滅，無傷亡】,112-11-29
【陸上交通事故】28日10:46高雄市仁武區「國道1號」南下361.6公里處，1統聯客運、2聯結車車禍事故，5輕傷送醫】,112-11-29
【職業災害】【28日11:25高雄市新興區民生一路和文橫一路交叉路口「興益發建設」興建工地，1工人土石掩埋受困，13:10救出無生命徵象送醫】,112-11-29
【縱火】【28日16:47彰化縣鹿港鎮美市街機車火災，已撲滅，無傷亡，縱火犯由警方追緝中】,112-11-29
【木材堆置場火災】【28日14:16屏東縣恆春鎮仁壽路104號「恆春鎮農會銀合歡木材堆置場」火災，29日01:43火勢撲滅，無傷亡】,112-11-29
【倉庫火災】【28日21:50臺南市柳營區工六路「隆順綠能倉庫」火災，22:36火勢控制，調派2挖土機及1怪手協助開挖滅火，持續搶救中，無傷亡】續報,112-11-29
【工地火災】【30日05:43高雄市岡山區柳橋西路1新建工地火災，已撲滅，無傷亡】初(結)報,112-11-30
【陸上交通事故-29日17:47宜蘭縣五結鄉協安路及公園二路口1計程車及1自小客車禍，共7人受傷，20:19全數送醫】初(結)報,112-11-30
【倉庫火災】【28日21:50臺南市柳營區工六路「隆順綠能倉庫」火災，已撲滅，無傷亡】結報,112-11-30
【住宅火災】【29日08:14臺南市學甲區民族路住宅火災，已撲滅，1人燒傷送醫】初(結)報,112-11-30
【住宅火災】【1日04:20臺北市南港區南深路19巷住宅火災，已撲滅，3輕微嗆傷送醫】,112-12-01
【工廠火災】【1日01:30新北市板橋區板城路「美事達企業有限公司」工廠火災，已撲滅，無傷亡】,112-12-01
【宮廟火災】【30日15:49土城區延壽路13巷「土城慈濟宮」火災，已撲滅，2人輕微嗆傷送醫】,112-12-01
【船舶火災】【30日11:29澎湖縣白沙鄉瓦硐村碼頭「金發財12號」漁船火災，已撲滅，1男全身約50％ 2度燒燙傷】,112-12-01
​【地震】【2日06:27臺東縣政府北北東方79.7公里(臺東縣長濱鄉)發生芮氏規模4.8地震，無災情】,112-12-02
​【地震】【1日23:11南投縣政府東北東方33.4公里(南投縣埔里鎮)發生芮氏規模4.1地震，無災情】,112-12-02
​【住宅火災】【1日09:58臺北市萬華區中華路2段住宅火災，已撲滅，救出12人，其中3人送醫，另殘火處理時發現1人明顯死亡】初(結)報,112-12-02
​【學校火災】【1日10:07新北市新店區民族路112號「耕莘健康管理專科學校」廢棄警衛室火災，已撲滅，無傷亡】,112-12-02
​【火災】【1日10:06臺中市大肚區文昌路二段住宅火災疑似自焚，已撲滅，1焦屍】,112-12-02
【大賣場火災】【3日03:59桃園市中壢區中華路二段家樂福中原店火災，已撲滅，無傷亡】,112-12-03
【屏東縣東港遶境活動-多人食物中毒送醫】,112-12-03
​【一氧化碳中毒】【22日19:59花蓮縣秀林鄉文蘭村1住宅2人一氧化碳中毒送醫】初(結)報,112-12-03
【縱火】【2日13:35新北市淡水區坪頂路住宅大樓附設健身房火災，已自撲，無傷亡，嫌犯由警方偵訊中】初(結)報,112-12-03
​【資源回收場火災】【2日10:51臺東縣臺東市中興路四段資源回收場火災，已撲滅，無傷亡】結報,112-12-03
​​【工地火災】【2日13:11臺東縣臺東市中興路六段新建工地火災，已撲滅，無傷亡】結報,112-12-03
​【學校火災】【2日10:09新北市三重區信義西街「正義國小附設幼稚園」火災，已自撲，無傷亡】,112-12-03
【資源回收廠火災】【3日15:41桃園市新屋區長祥路852號「鼎壢環保科技」資源回收廠火災，已撲滅，無傷亡】,112-12-04
【山域事故】【3日11:54臺中市和平區「屋我尾步道」三角點，1男無生命徵象，空勤直升機及本署特搜共勤成功吊掛送醫】,112-12-04
【倉庫火災】【5日16:50新北市樹林區大安路某倉庫火災，火勢撲滅，無傷亡】,112-12-05
【工廠火災暨消防人員受傷】【5日10:47新北市泰山區中港西路120巷某家具工廠火災，15:53火勢撲滅，3消防及1員工輕傷送醫】,112-12-05
【學校火災】【5日10:23臺南市東區大學路1號「成功大學自強校區」配電盤火災，已撲滅，無傷亡】,112-12-05
【住宅火災】【6日05:43雲林縣斗六市保長路某住宅火災，火勢撲滅，無傷亡】,112-12-06
【住宅火災】【6日13:58臺東市中華路2段住宅火災，14:15火勢撲滅，救出1男童無生命徵象送醫，經急救後宣告死亡】結報,112-12-07
​【銀行火災】【9日18:01高雄市前金區中正四路264號「台灣銀行-高雄分行」火災，已撲滅，無傷亡】,112-12-10
​【山域事故】【10日04:42高雄市桃源區「塔芬谷山屋」1男左膝腫脹無法行走，空勤直升機及本署特搜共勤落地搭載，成功救援】初(結)報,112-12-11
​【垃圾焚化廠火災】【10日01:02高雄市岡山區本工五路9號「岡山垃圾焚化廠」火災，13:24火勢撲滅，無傷亡】結報,112-12-11
【工廠火災】【12日13:14臺中市大雅區大林路「台勝耐龍有限公司」工廠火災，已撲滅，無傷亡】,112-12-12
【車輛火災】【12日11:12國道1號北向35.7公里處泰山路段1自小客火災，火勢撲滅，無傷亡】,112-12-12
【工安事故】【12日09:08臺北市捷運系統「信義線東延工程」，1勞工墜落，無生命徵象送醫】,112-12-12
【店鋪火災】【12日08:53臺中市豐原區信義街4店鋪火災，火勢撲滅，無傷亡】,112-12-12
【地震】【13日07:27花蓮縣政府南南西方26.5公里(花蓮縣壽豐鄉)發生芮氏規模3.7地震，無災情】,112-12-13
【地震】【13日03:01花蓮縣政府南南西方27.0公里(花蓮縣壽豐鄉)發生芮氏規模3.8地震，無災情】,112-12-13
【倉庫火災】【14日09:57南投縣草屯鎮健行路66巷倉庫火災，已撲滅，無傷亡】,112-12-15
【住宅火災】【14日14:24宜蘭縣頭城鎮協天路住宅火災，已撲滅，無傷亡】,112-12-15
【營區火災】【14日16:15高雄市阿蓮區天山營區寢室火災，已撲滅，無傷亡】,112-12-15
